id,first_name,name,nationality,club_name,position1,position2,position3,tm_url
,Bernd,Leno,de,Arsenal,Por,,,https://www.transfermarkt.com/bernd-leno/profil/spieler/72476
,Hector,Bellerin,es,Arsenal,Dd,E,,https://www.transfermarkt.com/hector-bellerin/profil/spieler/191217
,,Sokratis,gr,Arsenal,Dc,Dd,,https://www.transfermarkt.com/sokratis/profil/spieler/34322
,Rob,Holding,gb-eng,Arsenal,Dc,Dd,,https://www.transfermarkt.com/rob-holding/profil/spieler/253341
,Shkodran,Mustafi,de,Arsenal,Dc,Dd,,https://www.transfermarkt.com/shkodran-mustafi/profil/spieler/88590
,Sead,Kolasinac,ba,Arsenal,Ds,E,,https://www.transfermarkt.com/sead-kolasinac/profil/spieler/94005
,Mesut,Ozil,de,Arsenal,T,A,,https://www.transfermarkt.com/mesut-ozil/profil/spieler/35664
,Lucas,Torreira,uy,Arsenal,M,C,,https://www.transfermarkt.com/lucas-torreira/profil/spieler/318077
,Ainsley,Maitland-Niles,gb-eng,Arsenal,Dd,E,,https://www.transfermarkt.com/ainsley-maitland-niles/profil/spieler/285845
,Matteo,Guendouzi,fr,Arsenal,M,C,,https://www.transfermarkt.com/matteo-guendouzi/profil/spieler/465830
,Granit,Xhaka,ch,Arsenal,M,C,,https://www.transfermarkt.com/granit-xhaka/profil/spieler/111455
,Joe,Willock,gb-eng,Arsenal,C,T,,https://www.transfermarkt.com/joe-willock/profil/spieler/340329
,Alexandre,Lacazette,fr,Arsenal,Pc,,,https://www.transfermarkt.com/alexandre-lacazette/profil/spieler/93720
,Pierre-Emerick,Aubameyang,ga,Arsenal,Pc,,,https://www.transfermarkt.com/pierre-emerick-aubameyang/profil/spieler/58864
,Emiliano,Martinez,ar,Arsenal,Por,,,https://www.transfermarkt.com/emiliano-martinez/profil/spieler/111873
,Calum,Chambers,gb-eng,Arsenal,Dc,Dd,,https://www.transfermarkt.com/calum-chambers/profil/spieler/215118
,Matt,Macey,gb-eng,Arsenal,Por,,,https://www.transfermarkt.com/matt-macey/profil/spieler/220491
,Gabriel,Martinelli,br,Arsenal,Pc,,,https://www.transfermarkt.com/gabriel-martinelli/profil/spieler/655488
,Reiss,Nelson,gb-eng,Arsenal,W,,,https://www.transfermarkt.com/reiss-nelson/profil/spieler/340325
,Dani,Ceballos,es,Arsenal,C,T,,https://www.transfermarkt.com/dani-ceballos/profil/spieler/319745
,Nicolas,Pepe,ci,Arsenal,A,,,https://www.transfermarkt.com/nicolas-pepe/profil/spieler/343052
,Kieran,Tierney,gb-sct,Arsenal,Ds,,,https://www.transfermarkt.com/kieran-tierney/profil/spieler/300716
,David,Luiz,br,Arsenal,Dc,,,https://www.transfermarkt.com/david-luiz/profil/spieler/46741
,Bukayo,Saka,gb-eng,Arsenal,E,W,,https://www.transfermarkt.com/bukayo-saka/profil/spieler/433177
,Eddie,Nketiah,gb-eng,Arsenal,Pc,,,https://www.transfermarkt.com/eddie-nketiah/profil/spieler/340324
,Pablo,Mari,es,Arsenal,Dc,,,https://www.transfermarkt.com/pablo-mari/profil/spieler/210178
,Cedric,Soares,pt,Arsenal,Dd,E,,https://www.transfermarkt.com/cedric-soares/profil/spieler/112988
,Orjan,Nyland,no,Aston Villa,Por,,,https://www.transfermarkt.com/orjan-nyland/profil/spieler/73517
,Jed,Steer,gb-eng,Aston Villa,Por,,,https://www.transfermarkt.com/jed-steer/profil/spieler/110867
,Neil,Taylor,gb-wls,Aston Villa,Ds,,,https://www.transfermarkt.com/neil-taylor/profil/spieler/67416
,Ahmed,El Mohamady,eg,Aston Villa,Dd,E,,https://www.transfermarkt.com/ahmed-elmohamady/profil/spieler/66333
,John,McGinn,gb-sct,Aston Villa,M,C,,https://www.transfermarkt.com/john-mcginn/profil/spieler/193116
,Henri,Lansbury,gb-eng,Aston Villa,C,T,,https://www.transfermarkt.com/henri-lansbury/profil/spieler/44794
,Jack,Grealish,gb-eng,Aston Villa,T,W,,https://www.transfermarkt.com/jack-grealish/profil/spieler/203460
,Conor,Hourihane,ie,Aston Villa,M,C,,https://www.transfermarkt.com/conor-hourihane/profil/spieler/61653
,Keinan,Davis,gb-eng,Aston Villa,Pc,,,https://www.transfermarkt.com/keinan-davis/profil/spieler/412660
,,Jota,es,Aston Villa,W,,,https://www.transfermarkt.com/jota/profil/spieler/176591
,,Wesley,br,Aston Villa,Pc,,,https://www.transfermarkt.com/wesley/profil/spieler/381362
,Frederic,Guilbert,fr,Aston Villa,Dd,,,https://www.transfermarkt.com/frederic-guilbert/profil/spieler/354352
,Matt,Targett,gb-eng,Aston Villa,Ds,E,,https://www.transfermarkt.com/matt-targett/profil/spieler/250478
,Kortney,Hause,gb-eng,Aston Villa,Dc,,,https://www.transfermarkt.com/kortney-hause/profil/spieler/233124
,Anwar,El Ghazi,nl,Aston Villa,A,,,https://www.transfermarkt.com/anwar-el-ghazi/profil/spieler/183720
,Tyrone,Mings,gb-eng,Aston Villa,Dc,,,https://www.transfermarkt.com/tyrone-mings/profil/spieler/253677
,Ezri,Konsa,gb-eng,Aston Villa,Dc,,,https://www.transfermarkt.com/ezri-konsa/profil/spieler/413403
,Bjorn,Engels,be,Aston Villa,Dc,,,https://www.transfermarkt.com/bjorn-engels/profil/spieler/193469
,,Trezeguet,eg,Aston Villa,W,A,,https://www.transfermarkt.com/trezeguet/profil/spieler/234189
,Douglas,Luiz,br,Aston Villa,C,,,https://www.transfermarkt.com/douglas-luiz/profil/spieler/447661
,Tom,Heaton,gb-eng,Aston Villa,Por,,,https://www.transfermarkt.com/tom-heaton/profil/spieler/34130
,Marvelous,Nakamba,zw,Aston Villa,M,C,,https://www.transfermarkt.com/marvelous-nakamba/profil/spieler/324882
,Daniel,Drinkwater,gb-eng,Aston Villa,M,C,,https://www.transfermarkt.com/danny-drinkwater/profil/spieler/73491
78,Pepe,Reina,es,Aston Villa,Por,,,https://www.transfermarkt.com/pepe-reina/profil/spieler/7825
,Mbwana,Samatta,tz,Aston Villa,Pc,,,https://www.transfermarkt.com/mbwana-samatta/profil/spieler/182201
,Matija,Sarkic,me,Aston Villa,Por,,,https://www.transfermarkt.com/matija-sarkic/profil/spieler/293257
,Borja,Baston,es,Aston Villa,Pc,,,https://www.transfermarkt.com/borja-baston/profil/spieler/85324
,Artur,Boruc,pl,Bournemouth,Por,,,https://www.transfermarkt.com/artur-boruc/profil/spieler/15220
,Mark,Travers,ie,Bournemouth,Por,,,https://www.transfermarkt.com/mark-travers/profil/spieler/357658
,Simon,Francis,gb-eng,Bournemouth,Dc,Dd,,https://www.transfermarkt.com/simon-francis/profil/spieler/13573
,Steve,Cook,gb-eng,Bournemouth,Dc,,,https://www.transfermarkt.com/steve-cook/profil/spieler/90836
,Nathan,Ake,nl,Bournemouth,Dc,Ds,,https://www.transfermarkt.com/nathan-ake/profil/spieler/177476
,Charlie,Daniels,gb-eng,Bournemouth,Ds,,,https://www.transfermarkt.com/charlie-daniels/profil/spieler/61819
,Adam,Smith,gb-eng,Bournemouth,Dd,Ds,E,https://www.transfermarkt.com/adam-smith/profil/spieler/61841
,Diego,Rico,es,Bournemouth,Ds,E,,https://www.transfermarkt.com/diego-rico/profil/spieler/249513
,Jack,Simpson,gb-eng,Bournemouth,Dc,,,https://www.transfermarkt.com/jack-simpson/profil/spieler/419930
,Chris,Mepham,gb-wls,Bournemouth,Dc,,,https://www.transfermarkt.com/chris-mepham/profil/spieler/480987
,Dan,Gosling,gb-eng,Bournemouth,M,C,,https://www.transfermarkt.com/dan-gosling/profil/spieler/44983
,Andrew,Surman,gb-eng,Bournemouth,M,C,,https://www.transfermarkt.com/andrew-surman/profil/spieler/29975
,Jefferson,Lerma,co,Bournemouth,M,C,,https://www.transfermarkt.com/jefferson-lerma/profil/spieler/262980
,Jordon,Ibe,gb-eng,Bournemouth,E,W,,https://www.transfermarkt.com/jordon-ibe/profil/spieler/195652
,Lewis,Cook,gb-eng,Bournemouth,C,E,,https://www.transfermarkt.com/lewis-cook/profil/spieler/249089
,Junior,Stanislas,gb-eng,Bournemouth,W,A,,https://www.transfermarkt.com/junior-stanislas/profil/spieler/87672
,David,Brooks,gb-wls,Bournemouth,T,A,,https://www.transfermarkt.com/david-brooks/profil/spieler/277033
,Ryan,Fraser,gb-sct,Bournemouth,W,,,https://www.transfermarkt.com/ryan-fraser/profil/spieler/146795
,Callum,Wilson,gb-eng,Bournemouth,Pc,,,https://www.transfermarkt.com/callum-wilson/profil/spieler/123682
,Joshua,King,no,Bournemouth,A,,,https://www.transfermarkt.com/joshua-king/profil/spieler/91059
,Dominic,Solanke,gb-eng,Bournemouth,Pc,,,https://www.transfermarkt.com/dominic-solanke/profil/spieler/258889
,Lloyd,Kelly,gb-eng,Bournemouth,Ds,,,https://www.transfermarkt.com/lloyd-kelly/profil/spieler/480116
,Aaron,Ramsdale,gb-eng,Bournemouth,Por,,,https://www.transfermarkt.com/aaron-ramsdale/profil/spieler/427568
,Jack,Stacey,gb-eng,Bournemouth,Dd,,,https://www.transfermarkt.com/jack-stacey/profil/spieler/249356
,Philip,Billing,dk,Bournemouth,M,C,,https://www.transfermarkt.com/philip-billing/profil/spieler/320411
,Arnaut,Danjuma,nl,Bournemouth,W,,,https://www.transfermarkt.com/arnaut-danjuma/profil/spieler/355861
,Harry,Wilson,gb-wls,Bournemouth,W,A,,https://www.transfermarkt.com/harry-wilson/profil/spieler/279455
,Sam,Surridge,gb-eng,Bournemouth,Pc,,,https://www.transfermarkt.com/sam-surridge/profil/spieler/398402
,Kyle,Taylor,gb-eng,Bournemouth,C,T,,https://www.transfermarkt.com/kyle-taylor/profil/spieler/562254
,Mathew,Ryan,au,Brighton,Por,,,https://www.transfermarkt.com/mathew-ryan/profil/spieler/128969
,Jason,Steele,gb-eng,Brighton,Por,,,https://www.transfermarkt.com/jason-steele/profil/spieler/73564
,David,Button,gb-eng,Brighton,Por,,,https://www.transfermarkt.com/david-button/profil/spieler/61814
,Shane,Duffy,ie,Brighton,Dc,,,https://www.transfermarkt.com/shane-duffy/profil/spieler/119269
,Lewis,Dunk,gb-eng,Brighton,Dc,,,https://www.transfermarkt.com/lewis-dunk/profil/spieler/148153
,Martin,Montoya,es,Brighton,Dd,E,,https://www.transfermarkt.com/martin-montoya/profil/spieler/68645
,,Bernardo,br,Brighton,Ds,E,,https://www.transfermarkt.com/bernardo/profil/spieler/364258
,Dan,Burn,gb-eng,Brighton,Dc,Ds,,https://www.transfermarkt.com/dan-burn/profil/spieler/134270
,Dale,Stephens,gb-eng,Brighton,M,C,,https://www.transfermarkt.com/dale-stephens/profil/spieler/49755
,Yves,Bissouma,ml,Brighton,C,,,https://www.transfermarkt.com/yves-bissouma/profil/spieler/410425
,Pascal,Gros,de,Brighton,T,W,,https://www.transfermarkt.com/pascal-gross/profil/spieler/82873
,Solly,March,gb-eng,Brighton,E,W,,https://www.transfermarkt.com/solly-march/profil/spieler/209212
,Davy,Propper,nl,Brighton,M,C,,https://www.transfermarkt.com/davy-propper/profil/spieler/79027
,Alireza,Jahanbakhsh,ir,Brighton,W,,,https://www.transfermarkt.com/alireza-jahanbakhsh/profil/spieler/213268
,Glenn,Murray,gb-eng,Brighton,Pc,,,https://www.transfermarkt.com/glenn-murray/profil/spieler/45693
,Jose,Izquierdo,co,Brighton,W,A,,https://www.transfermarkt.com/jose-izquierdo/profil/spieler/147094
,Leandro,Trossard,be,Brighton,W,A,,https://www.transfermarkt.com/leandro-trossard/profil/spieler/144028
,Ezequiel,Schelotto,it,Brighton,Dd,E,,https://www.transfermarkt.com/ezequiel-schelotto/profil/spieler/119164
,Adam,Webster,gb-eng,Brighton,Dc,,,https://www.transfermarkt.com/adam-webster/profil/spieler/212847
,Neal,Maupay,fr,Brighton,Pc,,,https://www.transfermarkt.com/neal-maupay/profil/spieler/217115
,Aaron,Connolly,ie,Brighton,Pc,,,https://www.transfermarkt.com/aaron-connolly/profil/spieler/434207
,Steven,Alzate,co,Brighton,C,T,,https://www.transfermarkt.com/steven-alzate/profil/spieler/476237
,Beram,Kayal,il,Brighton,C,,,https://www.transfermarkt.com/beram-kayal/profil/spieler/44741
,Aaron,Mooy,au,Brighton,C,T,W,https://www.transfermarkt.com/aaron-mooy/profil/spieler/123951
,Tariq,Lamptey,gb-eng,Brighton,Dd,,,https://www.transfermarkt.com/tariq-lamptey/profil/spieler/504148
,Alexis,Mac Allister,ar,Brighton,T,,,https://www.transfermarkt.com/alexis-mac-allister/profil/spieler/534033
,Joe,Hart,gb-eng,Burnley,Por,,,https://www.transfermarkt.com/joe-hart/profil/spieler/40204
,Nick,Pope,gb-eng,Burnley,Por,,,https://www.transfermarkt.com/nick-pope/profil/spieler/192080
,Adam,Legzdins,gb-eng,Burnley,Por,,,https://www.transfermarkt.com/adam-legzdins/profil/spieler/43858
,Matthew,Lowton,gb-eng,Burnley,Dd,,,https://www.transfermarkt.com/matthew-lowton/profil/spieler/102258
,Charlie,Taylor,gb-eng,Burnley,Ds,,,https://www.transfermarkt.com/charlie-taylor/profil/spieler/195633
,James,Tarkowski,gb-eng,Burnley,Dc,,,https://www.transfermarkt.com/james-tarkowski/profil/spieler/173504
,Ben,Mee,gb-eng,Burnley,Dc,,,https://www.transfermarkt.com/ben-mee/profil/spieler/74810
,Ben,Gibson,gb-eng,Burnley,Dc,,,https://www.transfermarkt.com/ben-gibson/profil/spieler/128904
,Phil,Bardsley,gb-sct,Burnley,Dd,,,https://www.transfermarkt.com/phil-bardsley/profil/spieler/15773
,Kevin,Long,ie,Burnley,Dc,,,https://www.transfermarkt.com/kevin-long/profil/spieler/111114
,Jack,Cork,gb-eng,Burnley,M,C,,https://www.transfermarkt.com/jack-cork/profil/spieler/40613
,Johann,Gudmundsson,is,Burnley,W,,,https://www.transfermarkt.com/johann-berg-gudmundsson/profil/spieler/89231
,Robbie,Brady,ie,Burnley,E,,,https://www.transfermarkt.com/robbie-brady/profil/spieler/128229
,Jeff,Hendrick,ie,Burnley,E,C,,https://www.transfermarkt.com/jeff-hendrick/profil/spieler/148262
,Ashley,Westwood,gb-eng,Burnley,M,C,,https://www.transfermarkt.com/ashley-westwood/profil/spieler/91317
,Aaron,Lennon,gb-eng,Burnley,W,,,https://www.transfermarkt.com/aaron-lennon/profil/spieler/14221
,Ashley,Barnes,at,Burnley,Pc,,,https://www.transfermarkt.com/ashley-barnes/profil/spieler/63200
,Chris,Wood,nz,Burnley,Pc,,,https://www.transfermarkt.com/chris-wood/profil/spieler/108725
,Matej,Vydra,cz,Burnley,Pc,,,https://www.transfermarkt.com/matej-vydra/profil/spieler/101500
,Dwight,McNeil,gb-eng,Burnley,E,W,,https://www.transfermarkt.com/dwight-mcneil/profil/spieler/584769
,Erik,Pieters,nl,Burnley,Ds,,,https://www.transfermarkt.com/erik-pieters/profil/spieler/43763
,Jay,Rodriguez,gb-eng,Burnley,Pc,,,https://www.transfermarkt.com/jay-rodriguez/profil/spieler/53360
,Bailey,Peacock-Farrell,gb-nir,Burnley,Por,,,https://www.transfermarkt.com/bailey-peacock-farrell/profil/spieler/410436
,Josh,Brownhill,gb-eng,Burnley,E,C,,https://www.transfermarkt.com/josh-brownhill/profil/spieler/293569
,Kepa,Arrizabalaga,es,Chelsea,Por,,,https://www.transfermarkt.com/kepa/profil/spieler/192279
,Willy,Caballero,ar,Chelsea,Por,,,https://www.transfermarkt.com/willy-caballero/profil/spieler/19948
,Antonio,Rudiger,de,Chelsea,Dc,,,https://www.transfermarkt.com/antonio-rudiger/profil/spieler/86202
,Marcos,Alonso,es,Chelsea,Dc,Ds,E,https://www.transfermarkt.com/marcos-alonso/profil/spieler/112515
,Andreas,Christensen,dk,Chelsea,Dc,,,https://www.transfermarkt.com/andreas-christensen/profil/spieler/196948
,Cesar,Azpilicueta,es,Chelsea,Dc,Dd,Ds,https://www.transfermarkt.com/cesar-azpilicueta/profil/spieler/57500
,Emerson,Palmieri,it,Chelsea,Ds,E,,https://www.transfermarkt.com/emerson/profil/spieler/181778
,,Jorginho,it,Chelsea,M,C,,https://www.transfermarkt.com/jorginho/profil/spieler/102017
,N'Golo,Kante,fr,Chelsea,M,C,,https://www.transfermarkt.com/ngolo-kante/profil/spieler/225083
,Ross,Barkley,gb-eng,Chelsea,C,T,,https://www.transfermarkt.com/ross-barkley/profil/spieler/131978
,Ruben,Loftus-Cheek,gb-eng,Chelsea,T,,,https://www.transfermarkt.com/ruben-loftus-cheek/profil/spieler/202886
,,Pedro,es,Chelsea,W,,,https://www.transfermarkt.com/pedro/profil/spieler/65278
,Olivier,Giroud,fr,Chelsea,Pc,,,https://www.transfermarkt.com/olivier-giroud/profil/spieler/82442
,Callum,Hudson-Odoi,gb-eng,Chelsea,W,A,,https://www.transfermarkt.com/callum-hudson-odoi/profil/spieler/392768
,,Willian,br,Chelsea,W,,,https://www.transfermarkt.com/willian/profil/spieler/52769
,Reece,James,gb-eng,Chelsea,Dd,,,https://www.transfermarkt.com/reece-james/profil/spieler/472423
,Christian,Pulisic,us,Chelsea,W,A,,https://www.transfermarkt.com/christian-pulisic/profil/spieler/315779
,Tammy,Abraham,gb-eng,Chelsea,Pc,,,https://www.transfermarkt.com/tammy-abraham/profil/spieler/331726
,Mateo,Kovacic,hr,Chelsea,C,,,https://www.transfermarkt.com/mateo-kovacic/profil/spieler/51471
,Michy,Batshuayi,be,Chelsea,Pc,,,https://www.transfermarkt.com/michy-batshuayi/profil/spieler/179184
,Kurt,Zouma,fr,Chelsea,Dc,,,https://www.transfermarkt.com/kurt-zouma/profil/spieler/157509
,Fikayo,Tomori,gb-eng,Chelsea,Dc,,,https://www.transfermarkt.com/fikayo-tomori/profil/spieler/303254
,Mason,Mount,gb-eng,Chelsea,C,T,,https://www.transfermarkt.com/mason-mount/profil/spieler/346483
,Billy,Gilmour,gb-sct,Chelsea,M,C,,https://www.transfermarkt.com/billy-gilmour/profil/spieler/423744
,Lewis,Baker,gb-eng,Chelsea,C,,,https://www.transfermarkt.com/lewis-baker/profil/spieler/198589
,Wayne,Hennessey,gb-wls,Crystal Palace,Por,,,https://www.transfermarkt.com/wayne-hennessey/profil/spieler/45494
,Vicente,Guaita,es,Crystal Palace,Por,,,https://www.transfermarkt.com/vicente-guaita/profil/spieler/64399
,Joel,Ward,gb-eng,Crystal Palace,Dd,Ds,,https://www.transfermarkt.com/joel-ward/profil/spieler/92572
,Patrick,van Aanholt,nl,Crystal Palace,Ds,,,https://www.transfermarkt.com/patrick-van-aanholt/profil/spieler/52119
,James,Tomkins,gb-eng,Crystal Palace,Dc,Dd,,https://www.transfermarkt.com/james-tomkins/profil/spieler/61592
,Mamadou,Sakho,fr,Crystal Palace,Dc,,,https://www.transfermarkt.com/mamadou-sakho/profil/spieler/47713
,Jeffrey,Schlupp,gh,Crystal Palace,Ds,E,,https://www.transfermarkt.com/jeffrey-schlupp/profil/spieler/157506
,Martin,Kelly,gb-eng,Crystal Palace,Dc,Dd,,https://www.transfermarkt.com/martin-kelly/profil/spieler/78959
,Luka,Milivojevic,rs,Crystal Palace,M,C,,https://www.transfermarkt.com/luka-milivojevic/profil/spieler/74300
,Max,Meyer,de,Crystal Palace,C,T,,https://www.transfermarkt.com/max-meyer/profil/spieler/146164
,Cheikhou,Kouyate,sn,Crystal Palace,M,C,,https://www.transfermarkt.com/cheikhou-kouyate/profil/spieler/66934
,Andros,Townsend,gb-eng,Crystal Palace,W,,,https://www.transfermarkt.com/andros-townsend/profil/spieler/61842
,James,McArthur,gb-sct,Crystal Palace,M,C,,https://www.transfermarkt.com/james-mcarthur/profil/spieler/41416
,Jairo,Riedewald,nl,Crystal Palace,Dc,Ds,,https://www.transfermarkt.com/jairo-riedewald/profil/spieler/241481
,Wilfried,Zaha,ci,Crystal Palace,W,A,,https://www.transfermarkt.com/wilfried-zaha/profil/spieler/145988
,Christian,Benteke,be,Crystal Palace,Pc,,,https://www.transfermarkt.com/christian-benteke/profil/spieler/50201
,Stephen,Henderson,ie,Crystal Palace,Por,,,https://www.transfermarkt.com/stephen-henderson/profil/spieler/52191
,Jordan,Ayew,gh,Crystal Palace,A,,,https://www.transfermarkt.com/jordan-ayew/profil/spieler/108354
,James,McCarthy,ie,Crystal Palace,M,C,,https://www.transfermarkt.com/james-mccarthy/profil/spieler/45333
,Scott,Dann,gb-eng,Crystal Palace,Dc,,,https://www.transfermarkt.com/scott-dann/profil/spieler/62688
,Gary,Cahill,gb-eng,Crystal Palace,Dc,,,https://www.transfermarkt.com/gary-cahill/profil/spieler/27511
,Jordan,Pickford,gb-eng,Everton,Por,,,https://www.transfermarkt.com/jordan-pickford/profil/spieler/130164
,Maarten,Stekelenburg,nl,Everton,Por,,,https://www.transfermarkt.com/maarten-stekelenburg/profil/spieler/4311
,Leighton,Baines,gb-eng,Everton,Ds,E,,https://www.transfermarkt.com/leighton-baines/profil/spieler/13507
,Michael,Keane,gb-eng,Everton,Dc,,,https://www.transfermarkt.com/michael-keane/profil/spieler/118534
,Lucas,Digne,fr,Everton,Ds,,,https://www.transfermarkt.com/lucas-digne/profil/spieler/126664
,Yerry,Mina,co,Everton,Dc,,,https://www.transfermarkt.com/yerry-mina/profil/spieler/289446
,Seamus,Coleman,ie,Everton,Dd,,,https://www.transfermarkt.com/seamus-coleman/profil/spieler/68390
,Gylfi,Sigurdsson,is,Everton,C,T,,https://www.transfermarkt.com/gylfi-sigurdsson/profil/spieler/90466
,Morgan,Schneiderlin,fr,Everton,M,C,,https://www.transfermarkt.com/morgan-schneiderlin/profil/spieler/56818
,,Bernard,br,Everton,W,,,https://www.transfermarkt.com/bernard/profil/spieler/175169
,Tom,Davies,gb-eng,Everton,M,C,,https://www.transfermarkt.com/tom-davies/profil/spieler/314210
,Theo,Walcott,gb-eng,Everton,W,A,,https://www.transfermarkt.com/theo-walcott/profil/spieler/33713
,Dominic,Calvert-Lewin,gb-eng,Everton,Pc,,,https://www.transfermarkt.com/dominic-calvert-lewin/profil/spieler/306024
,,Richarlison,br,Everton,A,,,https://www.transfermarkt.com/richarlison/profil/spieler/378710
,Andre,Gomes,pt,Everton,C,,,https://www.transfermarkt.com/andre-gomes/profil/spieler/221025
,Mason,Holgate,gb-eng,Everton,Dc,,,https://www.transfermarkt.com/mason-holgate/profil/spieler/348623
,Cuco,Martina,cw,Everton,Dd,,,https://www.transfermarkt.com/cuco-martina/profil/spieler/91251
,Oumar,Niasse,sn,Everton,Pc,,,https://www.transfermarkt.com/oumar-niasse/profil/spieler/209781
,Fabian,Delph,gb-eng,Everton,C,,,https://www.transfermarkt.com/fabian-delph/profil/spieler/50362
,Jean-Philippe,Gbamin,ci,Everton,M,,,https://www.transfermarkt.com/jean-philippe-gbamin/profil/spieler/182894
,Moise,Kean,it,Everton,Pc,,,https://www.transfermarkt.com/moise-kean/profil/spieler/364135
,Djibril,Sidibe,fr,Everton,Dd,E,,https://www.transfermarkt.com/djibril-sidibe/profil/spieler/161869
,Alex,Iwobi,ng,Everton,W,,,https://www.transfermarkt.com/alex-iwobi/profil/spieler/242631
,Beni,Baningime,cd,Everton,M,C,,https://www.transfermarkt.com/beni-baningime/profil/spieler/399369
,Kasper,Schmeichel,dk,Leicester,Por,,,https://www.transfermarkt.com/kasper-schmeichel/profil/spieler/16911
,Danny,Ward,gb-wls,Leicester,Por,,,https://www.transfermarkt.com/danny-ward/profil/spieler/203026
,Eldin,Jakupovic,ch,Leicester,Por,,,https://www.transfermarkt.com/eldin-jakupovic/profil/spieler/2857
,Ben,Chilwell,gb-eng,Leicester,Ds,E,,https://www.transfermarkt.com/ben-chilwell/profil/spieler/316125
,Caglar,Soyuncu,tr,Leicester,Dc,,,https://www.transfermarkt.com/caglar-soyuncu/profil/spieler/320141
,Wes,Morgan,jm,Leicester,Dc,,,https://www.transfermarkt.com/wes-morgan/profil/spieler/10003
,Jonny,Evans,gb-nir,Leicester,Dc,,,https://www.transfermarkt.com/jonny-evans/profil/spieler/42412
,Ricardo,Pereira,pt,Leicester,Dd,E,,https://www.transfermarkt.com/ricardo-pereira/profil/spieler/215876
,Christian,Fuchs,at,Leicester,Ds,E,,https://www.transfermarkt.com/christian-fuchs/profil/spieler/6636
,Demarai,Gray,gb-eng,Leicester,W,,,https://www.transfermarkt.com/demarai-gray/profil/spieler/292417
,James,Maddison,gb-eng,Leicester,C,T,,https://www.transfermarkt.com/james-maddison/profil/spieler/294057
,Marc,Albrighton,gb-eng,Leicester,E,C,,https://www.transfermarkt.com/marc-albrighton/profil/spieler/61560
,Daniel,Amartey,gh,Leicester,M,,,https://www.transfermarkt.com/daniel-amartey/profil/spieler/214056
,Harvey,Barnes,gb-eng,Leicester,E,W,,https://www.transfermarkt.com/harvey-barnes/profil/spieler/398065
,Matty,James,gb-eng,Leicester,M,C,,https://www.transfermarkt.com/matty-james/profil/spieler/73522
,Nampalys,Mendy,fr,Leicester,M,C,,https://www.transfermarkt.com/nampalys-mendy/profil/spieler/111051
,Wilfred,Ndidi,ng,Leicester,M,,,https://www.transfermarkt.com/wilfred-ndidi/profil/spieler/274839
,Hamza,Choudhury,gb-eng,Leicester,M,C,,https://www.transfermarkt.com/hamza-choudhury/profil/spieler/341501
,Kelechi,Iheanacho,ng,Leicester,Pc,,,https://www.transfermarkt.com/kelechi-iheanacho/profil/spieler/295330
,Jamie,Vardy,gb-eng,Leicester,Pc,,,https://www.transfermarkt.com/jamie-vardy/profil/spieler/197838
,James,Justin,gb-eng,Leicester,Dd,Ds,,https://www.transfermarkt.com/james-justin/profil/spieler/413220
,Ayoze,Perez,es,Leicester,A,,,https://www.transfermarkt.com/ayoze-perez/profil/spieler/246968
,Youri,Tielemans,be,Leicester,C,T,,https://www.transfermarkt.com/youri-tielemans/profil/spieler/249565
,Dennis,Praet,be,Leicester,C,T,,https://www.transfermarkt.com/dennis-praet/profil/spieler/129588
,Ryan,Bennett,gb-eng,Leicester,Dc,,,https://www.transfermarkt.com/ryan-bennett/profil/spieler/67252
,,Alisson,br,Liverpool,Por,,,https://www.transfermarkt.com/alisson/profil/spieler/105470
,Caoimhin,Kelleher,ie,Liverpool,Por,,,https://www.transfermarkt.com/caoimhin-kelleher/profil/spieler/340918
,Virgil,van Dijk,nl,Liverpool,Dc,,,https://www.transfermarkt.com/virgil-van-dijk/profil/spieler/139208
,Dejan,Lovren,hr,Liverpool,Dc,,,https://www.transfermarkt.com/dejan-lovren/profil/spieler/37838
,Joe,Gomez,gb-eng,Liverpool,Dc,Dd,,https://www.transfermarkt.com/joe-gomez/profil/spieler/256178
,Andrew,Robertson,gb-sct,Liverpool,Ds,,,https://www.transfermarkt.com/andrew-robertson/profil/spieler/234803
,Joel,Matip,cm,Liverpool,Dc,,,https://www.transfermarkt.com/joel-matip/profil/spieler/82105
,Trent,Alexander-Arnold,gb-eng,Liverpool,Dd,,,https://www.transfermarkt.com/trent-alexander-arnold/profil/spieler/314353
,,Fabinho,br,Liverpool,M,,,https://www.transfermarkt.com/fabinho/profil/spieler/225693
,Georginio,Wijnaldum,nl,Liverpool,C,T,,https://www.transfermarkt.com/georginio-wijnaldum/profil/spieler/49499
,James,Milner,gb-eng,Liverpool,E,C,,https://www.transfermarkt.com/james-milner/profil/spieler/3333
,Naby,Keita,gn,Liverpool,C,T,,https://www.transfermarkt.com/naby-keita/profil/spieler/302215
,Jordan,Henderson,gb-eng,Liverpool,C,,,https://www.transfermarkt.com/jordan-henderson/profil/spieler/61651
,Adam,Lallana,gb-eng,Liverpool,T,,,https://www.transfermarkt.com/adam-lallana/profil/spieler/43530
,Alex,Oxlade-Chamberlain,gb-eng,Liverpool,C,T,,https://www.transfermarkt.com/alex-oxlade-chamberlain/profil/spieler/143424
,Curtis,Jones,gb-eng,Liverpool,C,T,,https://www.transfermarkt.com/curtis-jones/profil/spieler/433188
,Roberto,Firmino,br,Liverpool,Pc,,,https://www.transfermarkt.com/roberto-firmino/profil/spieler/131789
,Sadio,Mane,sn,Liverpool,A,,,https://www.transfermarkt.com/sadio-mane/profil/spieler/200512
,Mohamed,Salah,eg,Liverpool,A,,,https://www.transfermarkt.com/mohamed-salah/profil/spieler/148455
,Xherdan,Shaqiri,ch,Liverpool,W,T,,https://www.transfermarkt.com/xherdan-shaqiri/profil/spieler/86792
,Divock,Origi,be,Liverpool,Pc,,,https://www.transfermarkt.com/divock-origi/profil/spieler/148368
,Nathaniel,Clyne,gb-eng,Liverpool,Dd,,,https://www.transfermarkt.com/nathaniel-clyne/profil/spieler/85177
,Andy,Lonergan,gb-eng,Liverpool,Por,,,https://www.transfermarkt.com/andy-lonergan/profil/spieler/14044
,,Adrian,es,Liverpool,Por,,,https://www.transfermarkt.com/adrian/profil/spieler/71271
,Takumi,Minamino,jp,Liverpool,W,A,,https://www.transfermarkt.com/takumi-minamino/profil/spieler/165793
,Claudio,Bravo,cl,Manchester City,Por,,,https://www.transfermarkt.com/claudio-bravo/profil/spieler/40423
,,Ederson,br,Manchester City,Por,,,https://www.transfermarkt.com/ederson/profil/spieler/238223
,Kyle,Walker,gb-eng,Manchester City,Dc,Dd,E,https://www.transfermarkt.com/kyle-walker/profil/spieler/95424
,John,Stones,gb-eng,Manchester City,Dc,Dd,,https://www.transfermarkt.com/john-stones/profil/spieler/186590
,Aymeric,Laporte,fr,Manchester City,Dc,,,https://www.transfermarkt.com/aymeric-laporte/profil/spieler/176553
,Benjamin,Mendy,fr,Manchester City,Ds,E,,https://www.transfermarkt.com/benjamin-mendy/profil/spieler/157495
,Nicolas,Otamendi,ar,Manchester City,Dc,,,https://www.transfermarkt.com/nicolas-otamendi/profil/spieler/54781
,Ilkay,Gundogan,de,Manchester City,M,C,,https://www.transfermarkt.com/ilkay-gundogan/profil/spieler/53622
,Kevin,De Bruyne,be,Manchester City,T,,,https://www.transfermarkt.com/kevin-de-bruyne/profil/spieler/88755
,Bernardo,Silva,pt,Manchester City,C,T,W,https://www.transfermarkt.com/bernardo-silva/profil/spieler/241641
,David,Silva,es,Manchester City,C,T,,https://www.transfermarkt.com/david-silva/profil/spieler/35518
,,Fernandinho,br,Manchester City,M,C,,https://www.transfermarkt.com/fernandinho/profil/spieler/26267
,Riyad,Mahrez,dz,Manchester City,W,A,,https://www.transfermarkt.com/riyad-mahrez/profil/spieler/171424
,Oleksandr,Zinchenko,ua,Manchester City,Ds,E,,https://www.transfermarkt.com/oleksandr-zinchenko/profil/spieler/203853
,Phil,Foden,gb-eng,Manchester City,C,T,,https://www.transfermarkt.com/phil-foden/profil/spieler/406635
,Raheem,Sterling,gb-eng,Manchester City,A,,,https://www.transfermarkt.com/raheem-sterling/profil/spieler/134425
,Sergio,Aguero,ar,Manchester City,Pc,,,https://www.transfermarkt.com/sergio-aguero/profil/spieler/26399
,Leroy,Sane,de,Manchester City,W,A,,https://www.transfermarkt.com/leroy-sane/profil/spieler/192565
,Gabriel,Jesus,br,Manchester City,Pc,,,https://www.transfermarkt.com/gabriel-jesus/profil/spieler/363205
,,Rodrigo,es,Manchester City,M,C,,https://www.transfermarkt.com/rodri/profil/spieler/357565
,Joao,Cancelo,pt,Manchester City,Dd,E,,https://www.transfermarkt.com/joao-cancelo/profil/spieler/182712
,Scott,Carson,gb-eng,Manchester City,Por,,,https://www.transfermarkt.com/scott-carson/profil/spieler/14555
,Eric,Garcia,es,Manchester City,Dc,,,https://www.transfermarkt.com/eric-garcia/profil/spieler/466794
,David,de Gea,es,Manchester United,Por,,,https://www.transfermarkt.com/david-de-gea/profil/spieler/59377
,Lee,Grant,gb-eng,Manchester United,Por,,,https://www.transfermarkt.com/lee-grant/profil/spieler/13460
,Sergio,Romero,ar,Manchester United,Por,,,https://www.transfermarkt.com/sergio-romero/profil/spieler/30690
,Victor,Lindelof,se,Manchester United,Dc,,,https://www.transfermarkt.com/victor-lindelof/profil/spieler/184573
,Eric,Bailly,ci,Manchester United,Dc,,,https://www.transfermarkt.com/eric-bailly/profil/spieler/286384
,Phil,Jones,gb-eng,Manchester United,Dc,,,https://www.transfermarkt.com/phil-jones/profil/spieler/117996
,Diogo,Dalot,pt,Manchester United,Dd,E,,https://www.transfermarkt.com/diogo-dalot/profil/spieler/357147
,Luke,Shaw,gb-eng,Manchester United,Ds,,,https://www.transfermarkt.com/luke-shaw/profil/spieler/183288
,Paul,Pogba,fr,Manchester United,C,T,,https://www.transfermarkt.com/paul-pogba/profil/spieler/122153
,Juan,Mata,es,Manchester United,T,,,https://www.transfermarkt.com/juan-mata/profil/spieler/44068
,Jesse,Lingard,gb-eng,Manchester United,W,,,https://www.transfermarkt.com/jesse-lingard/profil/spieler/141660
,Andreas,Pereira,br,Manchester United,T,,,https://www.transfermarkt.com/andreas-pereira/profil/spieler/203394
,,Fred,br,Manchester United,M,C,,https://www.transfermarkt.com/fred/profil/spieler/191614
,Nemanja,Matic,rs,Manchester United,M,C,,https://www.transfermarkt.com/nemanja-matic/profil/spieler/74683
,Scott,McTominay,gb-sct,Manchester United,C,,,https://www.transfermarkt.com/scott-mctominay/profil/spieler/315969
,Marcus,Rashford,gb-eng,Manchester United,Pc,,,https://www.transfermarkt.com/marcus-rashford/profil/spieler/258923
,Anthony,Martial,fr,Manchester United,Pc,,,https://www.transfermarkt.com/anthony-martial/profil/spieler/182877
,Mason,Greenwood,gb-eng,Manchester United,Pc,,,https://www.transfermarkt.com/mason-greenwood/profil/spieler/532826
,Daniel,James,gb-wls,Manchester United,W,A,,https://www.transfermarkt.com/daniel-james/profil/spieler/319301
,Aaron,Wan-Bissaka,gb-eng,Manchester United,Dd,,,https://www.transfermarkt.com/aaron-wan-bissaka/profil/spieler/477758
,Timothy,Fosu-Mensah,nl,Manchester United,Dc,Dd,,https://www.transfermarkt.com/timothy-fosu-mensah/profil/spieler/315131
,Axel,Tuanzebe,gb-eng,Manchester United,Dc,,,https://www.transfermarkt.com/axel-tuanzebe/profil/spieler/342046
,Harry,Maguire,gb-eng,Manchester United,Dc,,,https://www.transfermarkt.com/harry-maguire/profil/spieler/177907
,Tahith,Chong,nl,Manchester United,W,,,https://www.transfermarkt.com/tahith-chong/profil/spieler/344830
,Brandon,Williams,gb-eng,Manchester United,Ds,,,https://www.transfermarkt.com/brandon-williams/profil/spieler/507700
,Bruno,Fernandes,pt,Manchester United,T,,,https://www.transfermarkt.com/bruno-fernandes/profil/spieler/240306
,Odion,Ighalo,ng,Manchester United,Pc,,,https://www.transfermarkt.com/odion-ighalo/profil/spieler/62121
,Robert,Elliot,ie,Newcatle,Por,,,https://www.transfermarkt.com/rob-elliot/profil/spieler/39037
,Martin,Dubravka,sk,Newcatle,Por,,,https://www.transfermarkt.com/martin-dubravka/profil/spieler/74960
,Karl,Darlow,gb-eng,Newcatle,Por,,,https://www.transfermarkt.com/karl-darlow/profil/spieler/99397
,Ciaran,Clark,ie,Newcatle,Dc,,,https://www.transfermarkt.com/ciaran-clark/profil/spieler/98240
,Paul,Dummett,gb-wls,Newcatle,Dc,Ds,,https://www.transfermarkt.com/paul-dummett/profil/spieler/170321
,Fabian,Schar,ch,Newcatle,Dc,,,https://www.transfermarkt.com/fabian-schar/profil/spieler/135343
,Jamaal,Lascelles,gb-eng,Newcatle,Dc,,,https://www.transfermarkt.com/jamaal-lascelles/profil/spieler/183318
,Federico,Fernandez,ar,Newcatle,Dc,,,https://www.transfermarkt.com/federico-fernandez/profil/spieler/85475
,Javier,Manquillo,es,Newcatle,Dd,Ds,E,https://www.transfermarkt.com/javier-manquillo/profil/spieler/162029
,Florian,Lejeune,fr,Newcatle,Dc,,,https://www.transfermarkt.com/florian-lejeune/profil/spieler/127108
,DeAndre,Yedlin,us,Newcatle,Dd,E,,https://www.transfermarkt.com/deandre-yedlin/profil/spieler/255916
,Jonjo,Shelvey,gb-eng,Newcatle,M,C,,https://www.transfermarkt.com/jonjo-shelvey/profil/spieler/71292
,Matt,Ritchie,gb-sct,Newcatle,E,,,https://www.transfermarkt.com/matt-ritchie/profil/spieler/92469
,Isaac,Hayden,gb-eng,Newcatle,M,,,https://www.transfermarkt.com/isaac-hayden/profil/spieler/206225
,Miguel,Almiron,py,Newcatle,T,,,https://www.transfermarkt.com/miguel-almiron/profil/spieler/272999
,Christian,Atsu,gh,Newcatle,W,,,https://www.transfermarkt.com/christian-atsu/profil/spieler/186997
,Sean,Longstaff,gb-eng,Newcatle,M,C,,https://www.transfermarkt.com/sean-longstaff/profil/spieler/346707
,Yoshinori,Muto,jp,Newcatle,Pc,,,https://www.transfermarkt.com/yoshinori-muto/profil/spieler/230541
,,Joelinton,br,Newcatle,Pc,,,https://www.transfermarkt.com/joelinton/profil/spieler/333241
,Jetro,Willems,nl,Newcatle,Ds,E,,https://www.transfermarkt.com/jetro-willems/profil/spieler/146258
,Allan,Saint-Maximin,fr,Newcatle,A,,,https://www.transfermarkt.com/allan-saint-maximin/profil/spieler/272642
,Emil,Krafth,se,Newcatle,Dd,E,,https://www.transfermarkt.com/emil-krafth/profil/spieler/184528
,Matthew,Longstaff,gb-eng,Newcatle,M,C,,https://www.transfermarkt.com/matthew-longstaff/profil/spieler/484387
,Dwight,Gayle,gb-eng,Newcatle,Pc,,,https://www.transfermarkt.com/dwight-gayle/profil/spieler/196522
,Andy,Carroll,gb-eng,Newcatle,Pc,,,https://www.transfermarkt.com/andy-carroll/profil/spieler/48066
,Nabil,Bentaleb,dz,Newcatle,M,C,,https://www.transfermarkt.com/nabil-bentaleb/profil/spieler/245537
,Valentino,Lazaro,at,Newcatle,E,,,https://www.transfermarkt.com/valentino-lazaro/profil/spieler/186368
,Danny,Rose,gb-eng,Newcatle,Ds,E,,https://www.transfermarkt.com/danny-rose/profil/spieler/50174
,Tim,Krul,nl,Norwich,Por,,,https://www.transfermarkt.com/tim-krul/profil/spieler/33027
,Michael,McGovern,gb-nir,Norwich,Por,,,https://www.transfermarkt.com/michael-mcgovern/profil/spieler/29391
,Christoph,Zimmermann,de,Norwich,Dc,,,https://www.transfermarkt.com/christoph-zimmermann/profil/spieler/77812
,Jamal,Lewis,gb-nir,Norwich,Ds,E,,https://www.transfermarkt.com/jamal-lewis/profil/spieler/346018
,Timm,Klose,ch,Norwich,Dc,,,https://www.transfermarkt.com/timm-klose/profil/spieler/65255
,Grant,Hanley,gb-sct,Norwich,Dc,,,https://www.transfermarkt.com/grant-hanley/profil/spieler/121385
,Max,Aarons,gb-eng,Norwich,Dd,,,https://www.transfermarkt.com/max-aarons/profil/spieler/471690
,Ben,Godfrey,gb-eng,Norwich,Dc,,,https://www.transfermarkt.com/ben-godfrey/profil/spieler/343475
,Mario,Vrancic,ba,Norwich,C,T,,https://www.transfermarkt.com/mario-vrancic/profil/spieler/39372
,Moritz,Leitner,de,Norwich,C,T,,https://www.transfermarkt.com/moritz-leitner/profil/spieler/82243
,Emiliano,Buendia,ar,Norwich,E,W,,https://www.transfermarkt.com/emiliano-buendia/profil/spieler/321247
,Marco,Stiepermann,de,Norwich,T,,,https://www.transfermarkt.com/marco-stiepermann/profil/spieler/45760
,Tom,Trybull,de,Norwich,M,C,,https://www.transfermarkt.com/tom-trybull/profil/spieler/93831
,Kenny,McLean,gb-sct,Norwich,C,T,,https://www.transfermarkt.com/kenny-mclean/profil/spieler/126600
,Onel,Hernandez,cu,Norwich,W,,,https://www.transfermarkt.com/onel-hernandez/profil/spieler/109751
,Alexander,Tettey,no,Norwich,M,C,,https://www.transfermarkt.com/alexander-tettey/profil/spieler/12384
,Todd,Cantwell,gb-eng,Norwich,E,,,https://www.transfermarkt.com/todd-cantwell/profil/spieler/332341
,Teemu,Pukki,fi,Norwich,Pc,,,https://www.transfermarkt.com/teemu-pukki/profil/spieler/46972
,Josip,Drmic,ch,Norwich,Pc,,,https://www.transfermarkt.com/josip-drmic/profil/spieler/140579
,Sam,Byram,gb-eng,Norwich,Dd,Ds,,https://www.transfermarkt.com/sam-byram/profil/spieler/236953
,Ondrej,Duda,sk,Norwich,C,T,,https://www.transfermarkt.com/ondrej-duda/profil/spieler/232418
,Lukas,Rupp,de,Norwich,E,C,,https://www.transfermarkt.com/lukas-rupp/profil/spieler/82863
,Simon,Moore,gb-eng,Sheffield United,Por,,,https://www.transfermarkt.com/simon-moore/profil/spieler/123536
,George,Baldock,gb-eng,Sheffield United,Dd,E,,https://www.transfermarkt.com/george-baldock/profil/spieler/146690
,Enda,Stevens,ie,Sheffield United,Ds,E,,https://www.transfermarkt.com/enda-stevens/profil/spieler/85706
,Jack,O'Connell,gb-eng,Sheffield United,Dc,,,https://www.transfermarkt.com/jack-oconnell/profil/spieler/212829
,Chris,Basham,gb-eng,Sheffield United,Dc,,,https://www.transfermarkt.com/chris-basham/profil/spieler/52495
,John,Lundstram,gb-eng,Sheffield United,M,C,,https://www.transfermarkt.com/john-lundstram/profil/spieler/156941
,John,Egan,ie,Sheffield United,Dc,,,https://www.transfermarkt.com/john-egan/profil/spieler/121324
,Kieron,Freeman,gb-wls,Sheffield United,E,,,https://www.transfermarkt.com/kieron-freeman/profil/spieler/158703
,John,Fleck,gb-sct,Sheffield United,C,T,,https://www.transfermarkt.com/john-fleck/profil/spieler/54383
,Oliver,Norwood,gb-nir,Sheffield United,M,C,,https://www.transfermarkt.com/oliver-norwood/profil/spieler/73547
,Billy,Sharp,gb-eng,Sheffield United,Pc,,,https://www.transfermarkt.com/billy-sharp/profil/spieler/49542
,David,McGoldrick,ie,Sheffield United,Pc,,,https://www.transfermarkt.com/david-mcgoldrick/profil/spieler/35416
,Luke,Freeman,gb-eng,Sheffield United,C,T,,https://www.transfermarkt.com/luke-freeman/profil/spieler/66923
,Phil,Jagielka,gb-eng,Sheffield United,Dc,,,https://www.transfermarkt.com/phil-jagielka/profil/spieler/13520
,Lys,Mousset,fr,Sheffield United,Pc,,,https://www.transfermarkt.com/lys-mousset/profil/spieler/291422
,Ben,Osborn,gb-eng,Sheffield United,Ds,E,,https://www.transfermarkt.com/ben-osborn/profil/spieler/218087
,Dean,Henderson,gb-eng,Sheffield United,Por,,,https://www.transfermarkt.com/dean-henderson/profil/spieler/258919
,Oliver,McBurnie,gb-sct,Sheffield United,Pc,,,https://www.transfermarkt.com/oliver-mcburnie/profil/spieler/298477
,Michael,Verrips,nl,Sheffield United,Por,,,https://www.transfermarkt.com/michael-verrips/profil/spieler/288259
,Muhamed,Besic,ba,Sheffield United,M,,,https://www.transfermarkt.com/muhamed-besic/profil/spieler/93905
,Leon,Clarke,gb-eng,Sheffield United,Pc,,,https://www.transfermarkt.com/leon-clarke/profil/spieler/36859
,Jack,Rodwell,gb-eng,Sheffield United,M,C,,https://www.transfermarkt.com/jack-rodwell/profil/spieler/57079
,Jack,Robinson,gb-eng,Sheffield United,Dc,Ds,,https://www.transfermarkt.com/jack-robinson/profil/spieler/128909
,Sander,Berge,no,Sheffield United,M,C,,https://www.transfermarkt.com/sander-berge/profil/spieler/333014
,Richairo,Zivkovic,nl,Sheffield United,Pc,,,https://www.transfermarkt.com/richairo-zivkovic/profil/spieler/252755
,Panagiotis,Retsos,gr,Sheffield United,Dc,Dd,Ds,https://www.transfermarkt.com/panagiotis-retsos/profil/spieler/324351
,Alex,McCarthy,gb-eng,Southampton,Por,,,https://www.transfermarkt.com/alex-mccarthy/profil/spieler/95976
,Angus,Gunn,gb-eng,Southampton,Por,,,https://www.transfermarkt.com/angus-gunn/profil/spieler/201574
,Jannik,Vestergaard,dk,Southampton,Dc,,,https://www.transfermarkt.com/jannik-vestergaard/profil/spieler/99331
,Jack,Stephens,gb-eng,Southampton,Dc,,,https://www.transfermarkt.com/jack-stephens/profil/spieler/163744
,Ryan,Bertrand,gb-eng,Southampton,Ds,E,,https://www.transfermarkt.com/ryan-bertrand/profil/spieler/40611
,Jan,Bednarek,pl,Southampton,Dc,,,https://www.transfermarkt.com/jan-bednarek/profil/spieler/243028
,Yan,Valery,fr,Southampton,Dd,E,,https://www.transfermarkt.com/yan-valery/profil/spieler/406008
,Oriol,Romeu,es,Southampton,M,C,,https://www.transfermarkt.com/oriol-romeu/profil/spieler/66100
,James,Ward-Prowse,gb-eng,Southampton,C,T,,https://www.transfermarkt.com/james-ward-prowse/profil/spieler/181579
,Stuart,Armstrong,gb-sct,Southampton,C,T,,https://www.transfermarkt.com/stuart-armstrong/profil/spieler/130765
,Nathan,Redmond,gb-eng,Southampton,W,A,,https://www.transfermarkt.com/nathan-redmond/profil/spieler/129078
,Pierre-Emile,Hojbjerg,dk,Southampton,M,C,,https://www.transfermarkt.com/pierre-emile-hojbjerg/profil/spieler/167799
,Shane,Long,ie,Southampton,Pc,,,https://www.transfermarkt.com/shane-long/profil/spieler/37304
,Michael,Obafemi,ie,Southampton,Pc,,,https://www.transfermarkt.com/michael-obafemi/profil/spieler/444208
,Moussa,Djenepo,ml,Southampton,W,A,,https://www.transfermarkt.com/moussa-djenepo/profil/spieler/485424
,Sofiane,Boufal,ma,Southampton,W,A,,https://www.transfermarkt.com/sofiane-boufal/profil/spieler/232271
,Che,Adams,gb-eng,Southampton,Pc,,,https://www.transfermarkt.com/che-adams/profil/spieler/346779
,Danny,Ings,gb-eng,Southampton,Pc,,,https://www.transfermarkt.com/danny-ings/profil/spieler/134294
,Kevin,Danso,at,Southampton,Dc,Dd,,https://www.transfermarkt.com/kevin-danso/profil/spieler/263236
,Sam,McQueen,gb-eng,Southampton,E,,,https://www.transfermarkt.com/sam-mcqueen/profil/spieler/226968
,Kyle,Walker-Peters,gb-eng,Southampton,Dd,E,,https://www.transfermarkt.com/kyle-walker-peters/profil/spieler/341051
,Hugo,Lloris,fr,Tottenham,Por,,,https://www.transfermarkt.com/hugo-lloris/profil/spieler/17965
,Paulo,Gazzaniga,ar,Tottenham,Por,,,https://www.transfermarkt.com/paulo-gazzaniga/profil/spieler/195488
,Toby,Alderweireld,be,Tottenham,Dc,Dd,,https://www.transfermarkt.com/toby-alderweireld/profil/spieler/42710
,Jan,Vertonghen,be,Tottenham,Dc,Ds,,https://www.transfermarkt.com/jan-vertonghen/profil/spieler/43250
,Davinson,Sanchez,co,Tottenham,Dc,,,https://www.transfermarkt.com/davinson-sanchez/profil/spieler/341429
,Juan,Foyth,ar,Tottenham,Dc,Dd,,https://www.transfermarkt.com/juan-foyth/profil/spieler/480763
,Serge,Aurier,ci,Tottenham,Dd,,,https://www.transfermarkt.com/serge-aurier/profil/spieler/127032
,Ben,Davies,gb-wls,Tottenham,Ds,E,,https://www.transfermarkt.com/ben-davies/profil/spieler/192765
,Harry,Winks,gb-eng,Tottenham,M,C,,https://www.transfermarkt.com/harry-winks/profil/spieler/249126
,Erik,Lamela,ar,Tottenham,W,A,,https://www.transfermarkt.com/erik-lamela/profil/spieler/111630
,Eric,Dier,gb-eng,Tottenham,M,,,https://www.transfermarkt.com/eric-dier/profil/spieler/175722
,Moussa,Sissoko,fr,Tottenham,C,T,,https://www.transfermarkt.com/moussa-sissoko/profil/spieler/46001
,Dele,Alli,gb-eng,Tottenham,T,,,https://www.transfermarkt.com/dele-alli/profil/spieler/207929
,Lucas,Moura,br,Tottenham,W,A,,https://www.transfermarkt.com/lucas-moura/profil/spieler/77100
,Heung-Min,Son,kr,Tottenham,W,A,,https://www.transfermarkt.com/heung-min-son/profil/spieler/91845
,Harry,Kane,gb-eng,Tottenham,Pc,,,https://www.transfermarkt.com/harry-kane/profil/spieler/132098
,Tanguy,Ndombele,fr,Tottenham,M,C,,https://www.transfermarkt.com/tanguy-ndombele/profil/spieler/450936
,Oliver,Skipp,gb-eng,Tottenham,M,C,,https://www.transfermarkt.com/oliver-skipp/profil/spieler/406638
,Ryan,Sessegnon,gb-eng,Tottenham,E,W,,https://www.transfermarkt.com/ryan-sessegnon/profil/spieler/392775
,Japhet,Tanganga,gb-eng,Tottenham,Dc,Dd,Ds,https://www.transfermarkt.com/japhet-tanganga/profil/spieler/346478
,Michel,Vorm,nl,Tottenham,Por,,,https://www.transfermarkt.com/michel-vorm/profil/spieler/26276
,Gedson,Fernandes,pt,Tottenham,C,T,,https://www.transfermarkt.com/gedson-fernandes/profil/spieler/337800
,Giovani,Lo Celso,ar,Tottenham,C,T,,https://www.transfermarkt.com/giovani-lo-celso/profil/spieler/348795
,Steven,Bergwijn,nl,Tottenham,W,A,,https://www.transfermarkt.com/steven-bergwijn/profil/spieler/284165
,Ben,Foster,gb-eng,Watford,Por,,,https://www.transfermarkt.com/ben-foster/profil/spieler/13572
,Daryl,Janmaat,nl,Watford,Dd,,,https://www.transfermarkt.com/daryl-janmaat/profil/spieler/60744
,Adrian,Mariappa,jm,Watford,Dc,Dd,,https://www.transfermarkt.com/adrian-mariappa/profil/spieler/38145
,Adam,Masina,it,Watford,Ds,E,,https://www.transfermarkt.com/adam-masina/profil/spieler/286949
,Craig,Cathcart,gb-nir,Watford,Dc,,,https://www.transfermarkt.com/craig-cathcart/profil/spieler/59606
,Kiko,Femenia,es,Watford,E,W,,https://www.transfermarkt.com/kiko-femenia/profil/spieler/76467
,Jose,Holebas,gr,Watford,E,W,,https://www.transfermarkt.com/jose-holebas/profil/spieler/41112
,Christian,Kabasele,be,Watford,Dc,,,https://www.transfermarkt.com/christian-kabasele/profil/spieler/81512
,Tom,Cleverley,gb-eng,Watford,E,C,,https://www.transfermarkt.com/tom-cleverley/profil/spieler/73484
,Nathaniel,Chalobah,gb-eng,Watford,M,C,,https://www.transfermarkt.com/nathaniel-chalobah/profil/spieler/128900
,Abdoulaye,Doucoure,fr,Watford,M,C,,https://www.transfermarkt.com/abdoulaye-doucoure/profil/spieler/127187
,Will,Hughes,gb-eng,Watford,E,C,,https://www.transfermarkt.com/will-hughes/profil/spieler/207014
,Domingos,Quina,pt,Watford,C,T,,https://www.transfermarkt.com/domingos-quina/profil/spieler/391719
,Etienne,Capoue,fr,Watford,M,C,,https://www.transfermarkt.com/etienne-capoue/profil/spieler/63494
,Roberto,Pereyra,ar,Watford,C,T,,https://www.transfermarkt.com/roberto-pereyra/profil/spieler/112302
,Gerard,Deulofeu,es,Watford,W,A,,https://www.transfermarkt.com/gerard-deulofeu/profil/spieler/129476
,Troy,Deeney,gb-eng,Watford,Pc,,,https://www.transfermarkt.com/troy-deeney/profil/spieler/65477
,Isaac,Success,ng,Watford,W,A,,https://www.transfermarkt.com/isaac-success/profil/spieler/295331
,Andre,Gray,gb-eng,Watford,Pc,,,https://www.transfermarkt.com/andre-gray/profil/spieler/120565
,Daniel,Bachmann,at,Watford,Por,,,https://www.transfermarkt.com/daniel-bachmann/profil/spieler/120186
,Craig,Dawson,gb-eng,Watford,Dc,,,https://www.transfermarkt.com/craig-dawson/profil/spieler/121477
,Heurelho,Gomes,br,Watford,Por,,,https://www.transfermarkt.com/heurelho-gomes/profil/spieler/19059
,Tom,Dele-Bashiru,ng,Watford,C,,,https://www.transfermarkt.com/tom-dele-bashiru/profil/spieler/346472
,Danny,Welbeck,gb-eng,Watford,Pc,,,https://www.transfermarkt.com/danny-welbeck/profil/spieler/67063
,Ismaila,Sarr,sn,Watford,W,A,,https://www.transfermarkt.com/ismaila-sarr/profil/spieler/410225
,Joao,Pedro Junqueira,br,Watford,Pc,,,https://www.transfermarkt.com/joao-pedro/profil/spieler/626724
146,Ignacio,Pussetto,ar,Watford,W,A,,https://www.transfermarkt.com/ignacio-pussetto/profil/spieler/283528
,Lukasz,Fabianski,pl,West Ham,Por,,,https://www.transfermarkt.com/lukasz-fabianski/profil/spieler/29692
,Aaron,Cresswell,gb-eng,West Ham,Ds,E,,https://www.transfermarkt.com/aaron-cresswell/profil/spieler/92571
,Fabian,Balbuena,py,West Ham,Dc,,,https://www.transfermarkt.com/fabian-balbuena/profil/spieler/285548
,Pablo,Zabaleta,ar,West Ham,Dd,Ds,,https://www.transfermarkt.com/pablo-zabaleta/profil/spieler/20007
,Angelo,Ogbonna,it,West Ham,Dc,,,https://www.transfermarkt.com/angelo-ogbonna/profil/spieler/48002
,Issa,Diop,fr,West Ham,Dc,,,https://www.transfermarkt.com/issa-diop/profil/spieler/272622
,Ryan,Fredericks,gb-eng,West Ham,Dd,E,,https://www.transfermarkt.com/ryan-fredericks/profil/spieler/140191
,Arthur,Masuaku,cd,West Ham,Ds,E,,https://www.transfermarkt.com/arthur-masuaku/profil/spieler/181380
,Felipe,Anderson,br,West Ham,W,A,,https://www.transfermarkt.com/felipe-anderson/profil/spieler/159372
,Manuel,Lanzini,ar,West Ham,T,A,,https://www.transfermarkt.com/manuel-lanzini/profil/spieler/135853
,Robert,Snodgrass,gb-sct,West Ham,W,A,,https://www.transfermarkt.com/robert-snodgrass/profil/spieler/22614
,Carlos,Sanchez,co,West Ham,M,C,,https://www.transfermarkt.com/carlos-sanchez/profil/spieler/51226
,Mark,Noble,gb-eng,West Ham,M,C,,https://www.transfermarkt.com/mark-noble/profil/spieler/31835
,Jack,Wilshere,gb-eng,West Ham,C,,,https://www.transfermarkt.com/jack-wilshere/profil/spieler/74223
,Michail,Antonio,gb-eng,West Ham,E,W,,https://www.transfermarkt.com/michail-antonio/profil/spieler/104124
,Declan,Rice,gb-eng,West Ham,M,,,https://www.transfermarkt.com/declan-rice/profil/spieler/357662
,Andriy,Yarmolenko,ua,West Ham,W,,,https://www.transfermarkt.com/andrii-yarmolenko/profil/spieler/69015
,Pablo,Fornals,es,West Ham,T,,,https://www.transfermarkt.com/pablo-fornals/profil/spieler/357885
,David,Martin,gb-eng,West Ham,Por,,,https://www.transfermarkt.com/david-martin/profil/spieler/15930
,Sebastien,Haller,fr,West Ham,Pc,,,https://www.transfermarkt.com/sebastien-haller/profil/spieler/181375
,Goncalo,Cardoso,pt,West Ham,Dc,,,https://www.transfermarkt.com/goncalo-cardoso/profil/spieler/587106
,Albian,Ajeti,ch,West Ham,Pc,,,https://www.transfermarkt.com/albian-ajeti/profil/spieler/195906
,Darren,Randolph,ie,West Ham,Por,,,https://www.transfermarkt.com/darren-randolph/profil/spieler/51321
,Tomas,Soucek,cz,West Ham,M,,,https://www.transfermarkt.com/tomas-soucek/profil/spieler/283628
,Jarrod,Bowen,gb-eng,West Ham,W,A,,https://www.transfermarkt.com/jarrod-bowen/profil/spieler/314875
,Rui,Patricio,pt,Wolverhampton,Por,,,https://www.transfermarkt.com/rui-patricio/profil/spieler/45026
,John,Ruddy,gb-eng,Wolverhampton,Por,,,https://www.transfermarkt.com/john-ruddy/profil/spieler/29712
,Matt,Doherty,ie,Wolverhampton,Dd,E,,https://www.transfermarkt.com/matt-doherty/profil/spieler/171679
,Willy,Boly,ci,Wolverhampton,Dc,,,https://www.transfermarkt.com/willy-boly/profil/spieler/142310
,Conor,Coady,gb-eng,Wolverhampton,Dc,,,https://www.transfermarkt.com/conor-coady/profil/spieler/128901
,Jonny,Otto,es,Wolverhampton,Ds,E,,https://www.transfermarkt.com/jonny-otto/profil/spieler/175446
,Ruben,Vinagre,pt,Wolverhampton,Ds,E,,https://www.transfermarkt.com/ruben-vinagre/profil/spieler/357158
,Maximilian,Kilman,gb-eng,Wolverhampton,Dc,Ds,,https://www.transfermarkt.com/max-kilman/profil/spieler/525247
,Ruben,Neves,pt,Wolverhampton,M,C,,https://www.transfermarkt.com/ruben-neves/profil/spieler/225161
,Morgan,Gibbs-White,gb-eng,Wolverhampton,C,T,,https://www.transfermarkt.com/morgan-gibbs-white/profil/spieler/429014
,Diogo,Jota,pt,Wolverhampton,A,,,https://www.transfermarkt.com/diogo-jota/profil/spieler/340950
,Romain,Saiss,ma,Wolverhampton,M,,,https://www.transfermarkt.com/romain-saiss/profil/spieler/204198
,Joao,Moutinho,pt,Wolverhampton,C,T,,https://www.transfermarkt.com/joao-moutinho/profil/spieler/29364
,Adama,Traore,es,Wolverhampton,W,A,,https://www.transfermarkt.com/adama-traore/profil/spieler/204103
,Leander,Dendoncker,be,Wolverhampton,M,C,,https://www.transfermarkt.com/leander-dendoncker/profil/spieler/168157
,Raul,Jimenez,mx,Wolverhampton,Pc,,,https://www.transfermarkt.com/raul-jimenez/profil/spieler/206040
,Bruno,Jordao,pt,Wolverhampton,C,,,https://www.transfermarkt.com/bruno-jordao/profil/spieler/415646
,Pedro,Neto,pt,Wolverhampton,A,,,https://www.transfermarkt.com/pedro-neto/profil/spieler/487465
,Leonardo,Campana,ec,Wolverhampton,Pc,,,https://www.transfermarkt.com/leonardo-campana/profil/spieler/606872
,Daniel,Podence,pt,Wolverhampton,W,A,,https://www.transfermarkt.com/daniel-podence/profil/spieler/256977
