id,first_name,name,nationality,club_name,position1,position2,position3,tm_url,national_team
1,Gianluigi,Donnarumma,it,Milan,Por,,,https://www.transfermarkt.com/gianluigi-donnarumma/profil/spieler/315858,TRUE
126,Alex,Meret,it,Napoli,Por,,,https://www.transfermarkt.com/alex-meret/profil/spieler/240414,TRUE
51,Salvatore,Sirigu,it,Torino,Por,,,https://www.transfermarkt.com/salvatore-sirigu/profil/spieler/25508,TRUE
3,Francesco,Acerbi,it,Lazio,Dc,,,https://www.transfermarkt.com/francesco-acerbi/profil/spieler/131075,TRUE
251,Alessandro,Bastoni,it,Inter,Dc,,,https://www.transfermarkt.com/alessandro-bastoni/profil/spieler/315853,TRUE
156,Leonardo,Bonucci,it,Juventus,Dc,,,https://www.transfermarkt.com/leonardo-bonucci/profil/spieler/39983,TRUE
229,Giorgio,Chiellini,it,Juventus,Dc,,,https://www.transfermarkt.com/giorgio-chiellini/profil/spieler/29260,TRUE
135,Giovanni,Di Lorenzo,it,Napoli,Dd,E,,https://www.transfermarkt.com/giovanni-di-lorenzo/profil/spieler/169880,TRUE
210,Leonardo,Spinazzola,it,Roma,Dd,Ds,E,https://www.transfermarkt.com/leonardo-spinazzola/profil/spieler/118689,TRUE
205,Rafael,Toloi,it,Atalanta,Dc,,,https://www.transfermarkt.com/rafael-toloi/profil/spieler/72441,TRUE
191,Nicolo,Barella,it,Inter,M,C,,https://www.transfermarkt.com/nicolo-barella/profil/spieler/255942,TRUE
16,Bryan,Cristante,it,Roma,M,C,,https://www.transfermarkt.com/bryan-cristante/profil/spieler/199248,TRUE
163,Manuel,Locatelli,it,Sassuolo,M,C,,https://www.transfermarkt.com/manuel-locatelli/profil/spieler/265088,TRUE
67,Lorenzo,Pellegrini,it,Roma,C,T,,https://www.transfermarkt.com/lorenzo-pellegrini/profil/spieler/286297,TRUE
115,Stefano,Sensi,it,Inter,C,,,https://www.transfermarkt.com/stefano-sensi/profil/spieler/216179,TRUE
200,Andrea,Belotti,it,Torino,Pc,,,https://www.transfermarkt.com/andrea-belotti/profil/spieler/167727,TRUE
97,Domenico,Berardi,it,Sassuolo,A,,,https://www.transfermarkt.com/domenico-berardi/profil/spieler/177843,TRUE
69,Federico,Bernardeschi,it,Juventus,W,T,,https://www.transfermarkt.com/federico-bernardeschi/profil/spieler/197300,TRUE
21,Federico,Chiesa,it,Juventus,W,A,,https://www.transfermarkt.com/federico-chiesa/profil/spieler/341092,TRUE
75,Ciro,Immobile,it,Lazio,Pc,,,https://www.transfermarkt.com/ciro-immobile/profil/spieler/105521,TRUE
245,Lorenzo,Insigne,it,Napoli,A,,,https://www.transfermarkt.com/lorenzo-insigne/profil/spieler/133964,TRUE
466,Giacomo,Raspadori,it,Sassuolo,Pc,,,https://www.transfermarkt.com/giacomo-raspadori/profil/spieler/405885,TRUE
657,Emerson,Palmieri,it,Chelsea,Ds,E,,https://www.transfermarkt.com/emerson/profil/spieler/181778,TRUE
658,,Jorginho,it,Chelsea,C,,,https://www.transfermarkt.com/jorginho/profil/spieler/102017,TRUE
60,Alessandro,Florenzi,it,Roma / Paris SG,Dd,E,,https://www.transfermarkt.com/alessandro-florenzi/profil/spieler/130365,TRUE
,Marco,Verratti,it,Paris SG,C,,,https://www.transfermarkt.com/marco-verratti/profil/spieler/102558,TRUE
1666,Yann,Sommer,ch,Borussia Mbach,Por,,,https://www.transfermarkt.com/yann-sommer/profil/spieler/42205,TRUE
1679,Nico,Elvedi,ch,Borussia Mbach,Dc,Dd,,https://www.transfermarkt.com/nico-elvedi/profil/spieler/192635,TRUE
1644,Manuel,Akanji,ch,Borussia Dortmund,Dc,,,https://www.transfermarkt.com/manuel-akanji/profil/spieler/284730,TRUE
2020,Kevin,Mbabu,ch,Wolfsburg,Dd,E,,https://www.transfermarkt.com/kevin-mbabu/profil/spieler/183321,TRUE
1858,Edimilson,Fernandes,ch,Mainz 05,M,C,,https://www.transfermarkt.com/edimilson-fernandes/profil/spieler/247555,TRUE
2027,Admir,Mehmedi,ch,Wolfsburg,A,,,https://www.transfermarkt.com/admir-mehmedi/profil/spieler/66058,TRUE
1711,Djibril,Sow,ch,Eintracht,M,C,,https://www.transfermarkt.com/djibril-sow/profil/spieler/212723,TRUE
1556,Ruben,Vargas,ch,Augsburg,W,A,,https://www.transfermarkt.com/ruben-vargas/profil/spieler/345886,TRUE
1683,Denis,Zakaria,ch,Borussia Mbach,M,,,https://www.transfermarkt.com/denis-zakaria/profil/spieler/334526,TRUE
1713,Steven,Zuber,ch,Eintracht,E,W,,https://www.transfermarkt.com/steven-zuber/profil/spieler/68033,TRUE
1697,Breel,Embolo,ch,Borussia Mbach,A,,,https://www.transfermarkt.com/breel-embolo/profil/spieler/237662,TRUE
186,Ricardo,Rodriguez,ch,Torino,Ds,E,,https://www.transfermarkt.com/ricardo-rodriguez/profil/spieler/86784,TRUE
167,Remo,Freuler,ch,Atalanta,C,,,https://www.transfermarkt.com/remo-freuler/profil/spieler/148252,TRUE
529,Granit,Xhaka,ch,Arsenal,M,C,,https://www.transfermarkt.com/granit-xhaka/profil/spieler/111455,TRUE
765,Xherdan,Shaqiri,ch,Liverpool,W,T,,https://www.transfermarkt.com/xherdan-shaqiri/profil/spieler/86792,TRUE
826,Fabian,Schar,ch,Newcastle,Dc,,,https://www.transfermarkt.com/fabian-schar/profil/spieler/135343,TRUE
,Yvon,Mvogo,ch,PSV Eindhoven,Por,,,https://www.transfermarkt.com/yvon-mvogo/profil/spieler/147051,TRUE
,Jonas,Omlin,ch,Montpellier,Por,,,https://www.transfermarkt.com/jonas-omlin/profil/spieler/247915,TRUE
,Loris,Benito,ch,Bordeaux,Ds,E,,https://www.transfermarkt.com/loris-benito/profil/spieler/119085,TRUE
,Eray,Comert,ch,Basel,Dc,,,https://www.transfermarkt.com/eray-comert/profil/spieler/298583,TRUE
,Jordan,Lotomba,ch,OGC Nice,Dd,E,,https://www.transfermarkt.com/jordan-lotomba/profil/spieler/313094,TRUE
,Becir,Omeragic,ch,Zurich,Dc,Dd,,https://www.transfermarkt.com/becir-omeragic/profil/spieler/507344,TRUE
,Silvan,Widmer,ch,Basel,Dd,E,,https://www.transfermarkt.com/silvan-widmer/profil/spieler/168989,TRUE
,Christian,Fassnacht,ch,Young Boys,W,,,https://www.transfermarkt.com/christian-fassnacht/profil/spieler/250490,TRUE
,Mario,Gavranovic,ch,Dinamo Zagreb,Pc,,,https://www.transfermarkt.com/mario-gavranovic/profil/spieler/61380,TRUE
,Haris,Seferovic,ch,Benfica,Pc,,,https://www.transfermarkt.com/haris-seferovic/profil/spieler/109256,TRUE
725,Caglar,Soyuncu,tr,Leicester,Dc,,,https://www.transfermarkt.com/caglar-soyuncu/profil/spieler/320141,TRUE
1904,Ozan,Kabak,tr,Liverpool,Dc,,,https://www.transfermarkt.com/ozan-kabak/profil/spieler/361260,TRUE
71,Cengiz,Under,tr,Leicester,W,A,,https://www.transfermarkt.com/cengiz-under/profil/spieler/341647,TRUE
2060,Okay,Yokuslu,tr,West Bromwich,M,,,https://www.transfermarkt.com/okay-yokuslu/leistungsdaten/spieler/137616,TRUE
1284,Kaan,Ayhan,tr,Sassuolo,Dc,,,https://www.transfermarkt.com/kaan-ayhan/profil/spieler/119031,TRUE
369,Merih,Demiral,tr,Juventus,Dc,,,https://www.transfermarkt.com/merih-demiral/profil/spieler/340879,TRUE
30,Mert,Muldur,tr,Sassuolo,Dc,Dd,E,https://www.transfermarkt.com/mert-muldur/profil/spieler/353922,TRUE
94,Hakan,Calhanoglu,tr,Milan,T,,,https://www.transfermarkt.com/hakan-calhanoglu/profil/spieler/126414,TRUE
,Altay,Bayindir,tr,Fenerbahce,Por,,,https://www.transfermarkt.com/altay-bayindir/profil/spieler/336077,TRUE
,Mert,Gunok,tr,Istanbul Basaksehir,Por,,,https://www.transfermarkt.com/mert-gunok/profil/spieler/51894,TRUE
,Ugurcan,Cakir,tr,Trabzonspor,Por,,,https://www.transfermarkt.com/ugurcan-cakir/profil/spieler/292199,TRUE
,Zeki,Celik,tr,LOSC Lille,Dd,E,,https://www.transfermarkt.com/zeki-celik/profil/spieler/251075,TRUE
,Ridvan,Yilmaz,tr,Besiktas,Ds,E,,https://www.transfermarkt.com/ridvan-yilmaz/profil/spieler/477930,TRUE
,Umut,Meras,tr,Le Havre,Ds,E,,https://www.transfermarkt.com/umut-meras/profil/spieler/341549,TRUE
,Yusuf,Yazici,tr,LOSC Lille,A,,,https://www.transfermarkt.com/yusuf-yazici/profil/spieler/386726,TRUE
,Dorukhan,Tokoz,tr,Besiktas,C,,,https://www.transfermarkt.com/dorukhan-tokoz/profil/spieler/275935,TRUE
,Irfan Can,Kahveci,tr,Fenerbahce,C,,,https://www.transfermarkt.com/irfan-can-kahveci/profil/spieler/216603,TRUE
,Orkun,Kokcu,tr,Feyenoord,C,,,https://www.transfermarkt.com/orkun-kokcu/profil/spieler/454567,TRUE
,Ozan,Tufan,tr,Fenerbahce,C,,,https://www.transfermarkt.com/ozan-tufan/profil/spieler/236471,TRUE
,Taylan,Antalyali,tr,Galatasaray,M,,,https://www.transfermarkt.com/taylan-antalyali/profil/spieler/204176,TRUE
,Burak,Yilmaz,tr,LOSC Lille,Pc,,,https://www.transfermarkt.com/burak-yilmaz/profil/spieler/34987,TRUE
,Enes,Unal,tr,Getafe,Pc,,,https://www.transfermarkt.com/enes-unal/profil/spieler/251106,TRUE
,Abdulkadir,Omur,tr,Trabzonspor,T,W,,https://www.transfermarkt.com/abdulkadir-omur/profil/spieler/271495,TRUE
,Kerem,Akturkoglu,tr,Galatasaray,W,A,,https://www.transfermarkt.com/kerem-akturkoglu/profil/spieler/382528,TRUE
,Halil,Dervisoglu,tr,Brentford,Pc,,,https://www.transfermarkt.com/halil-dervisoglu/profil/spieler/465606,TRUE
,Kenan,Karaman,tr,Fortuna Dusseldorf,Pc,,,https://www.transfermarkt.com/kenan-karaman/profil/spieler/119557,TRUE
676,Wayne,Hennessey,gb-wls,Crystal Palace,Por,,,https://www.transfermarkt.com/wayne-hennessey/profil/spieler/45494,TRUE
722,Danny,Ward,gb-wls,Leicester,Por,,,https://www.transfermarkt.com/danny-ward/profil/spieler/203026,TRUE
581,Chris,Mepham,gb-wls,Bournemouth,Dc,,,https://www.transfermarkt.com/chris-mepham/profil/spieler/480987,TRUE
1490,Joe,Rodon,gb-wls,Tottenham,Dc,,,https://www.transfermarkt.com/joe-rodon/profil/spieler/297212,TRUE
925,Ben,Davies,gb-wls,Tottenham,Ds,E,,https://www.transfermarkt.com/ben-davies/profil/spieler/192765,TRUE
1127,Neco,Williams,gb-wls,Liverpool,Dd,E,,https://www.transfermarkt.com/neco-williams/profil/spieler/503680,TRUE
218,Aaron,Ramsey,gb-wls,Juventus,T,,,https://www.transfermarkt.com/aaron-ramsey/profil/spieler/50057,TRUE
1043,Ethan,Ampadu,gb-wls,Sheffield United,Dc,,,https://www.transfermarkt.com/ethan-ampadu/profil/spieler/392771,TRUE
588,David,Brooks,gb-wls,Bournemouth,T,A,,https://www.transfermarkt.com/david-brooks/profil/spieler/277033,TRUE
598,Harry,Wilson,gb-wls,Liverpool,W,A,,https://www.transfermarkt.com/harry-wilson/profil/spieler/279455,TRUE
812,Daniel,James,gb-wls,Manchester United,T,A,,https://www.transfermarkt.com/daniel-james/profil/spieler/319301,TRUE
1393,Gareth,Bale,gb-wls,Tottenham,A,,,https://www.transfermarkt.com/gareth-bale/profil/spieler/39381,TRUE
1108,Tyler,Roberts,gb-wls,Leeds,Pc,,,https://www.transfermarkt.com/tyler-roberts/profil/spieler/296986,TRUE
,Adam,Davies,gb-wls,Stoke City,Por,,,https://www.transfermarkt.com/adam-davies/profil/spieler/121254,TRUE
,James,Lawrence,gb-wls,St. Pauli,Dc,,,https://www.transfermarkt.com/james-lawrence/profil/spieler/272706,TRUE
,Ben,Cabango,gb-wls,Swansea,Dc,,,https://www.transfermarkt.com/ben-cabango/profil/spieler/496659,TRUE
,Chris,Gunter,gb-wls,Charlton,Dd,E,,https://www.transfermarkt.com/chris-gunter/profil/spieler/43853,TRUE
,Connor,Roberts,gb-wls,Swansea,Dd,E,,https://www.transfermarkt.com/connor-roberts/profil/spieler/214666,TRUE
,Rhys,Norrington-Davies,gb-wls,Sheffield United,Ds,E,,https://www.transfermarkt.com/rhys-norrington-davies/profil/spieler/543164,TRUE
,Matt,Smith,gb-wls,Manchester City,M,C,,https://www.transfermarkt.com/matt-smith/profil/spieler/365877,TRUE
,Joe,Morrell,gb-wls,Luton,C,,,https://www.transfermarkt.com/joe-morrell/profil/spieler/293507,TRUE
,Joe,Allen,gb-wls,Stoke City,C,,,https://www.transfermarkt.com/joe-allen/profil/spieler/51452,TRUE
,Dylan,Levitt,gb-wls,NK Istra,C,,,https://www.transfermarkt.com/dylan-levitt/profil/spieler/496652,TRUE
,Rubin,Colwill,gb-wls,Cardiff,T,,,https://www.transfermarkt.com/rubin-colwill/profil/spieler/626474,TRUE
,Jonathan,Williams,gb-wls,Cardiff,T,A,,https://www.transfermarkt.com/jonathan-williams/profil/spieler/170322,TRUE
,Kieffer,Moore,gb-wls,Cardiff,Pc,,,https://www.transfermarkt.com/kieffer-moore/profil/spieler/275590,TRUE
691,Christian,Benteke,be,Crystal Palace,Pc,,,https://www.transfermarkt.com/christian-benteke/profil/spieler/50201,TRUE
670,Michy,Batshuayi,be,Crystal Palace,Pc,,,https://www.transfermarkt.com/michy-batshuayi/profil/spieler/179184,TRUE
743,Youri,Tielemans,be,Leicester,C,T,,https://www.transfermarkt.com/youri-tielemans/profil/spieler/249565,TRUE
301,Timothy,Castagne,be,Leicester,Dd,Ds,E,https://www.transfermarkt.com/timothy-castagne/profil/spieler/262226,TRUE
744,Dennis,Praet,be,Leicester,C,T,,https://www.transfermarkt.com/dennis-praet/profil/spieler/129588,TRUE
779,Kevin,De Bruyne,be,Manchester City,T,,,https://www.transfermarkt.com/kevin-de-bruyne/profil/spieler/88755,TRUE
920,Toby,Alderweireld,be,Tottenham,Dc,,,https://www.transfermarkt.com/toby-alderweireld/profil/spieler/42710,TRUE
1007,Leander,Dendoncker,be,Wolverhampton,M,,,https://www.transfermarkt.com/leander-dendoncker/profil/spieler/168157,TRUE
617,Leandro,Trossard,be,Brighton,W,A,,https://www.transfermarkt.com/leandro-trossard/profil/spieler/144028,TRUE
246,Dries,Mertens,be,Napoli,Pc,,,https://www.transfermarkt.com/dries-mertens/profil/spieler/56416,TRUE
225,Romelu,Lukaku,be,Inter,Pc,,,https://www.transfermarkt.com/romelu-lukaku/profil/spieler/96341,TRUE
1656,Axel,Witsel,be,Borussia Dortmund,M,C,,https://www.transfermarkt.com/axel-witsel/profil/spieler/35047,TRUE
1650,Thorgan,Hazard,be,Borussia Dortmund,T,A,,https://www.transfermarkt.com/thorgan-hazard/profil/spieler/102226,TRUE
1655,Thomas,Meunier,be,Borussia Dortmund,E,,,https://www.transfermarkt.com/thomas-meunier/profil/spieler/100986,TRUE
1760,Dedryck,Boyata,be,Hertha,Dc,,,https://www.transfermarkt.com/dedryck-boyata/profil/spieler/88262,TRUE
921,Jan,Vertonghen,be,Benfica,Dc,,,https://www.transfermarkt.com/jan-vertonghen/profil/spieler/43250,TRUE
,Thibaut,Courtois,be,Real Madrid,Por,,,https://www.transfermarkt.com/thibaut-courtois/profil/spieler/108390,TRUE
,Simon,Mignolet,be,Brugge,Por,,,https://www.transfermarkt.com/simon-mignolet/profil/spieler/50219,TRUE
,Matz,Sels,be,Strasbourg,Por,,,https://www.transfermarkt.com/matz-sels/profil/spieler/127202,TRUE
,Thomas,Vermaelen,be,Vissel Kobe,Dc,Ds,,https://www.transfermarkt.com/thomas-vermaelen/profil/spieler/15904,TRUE
,Jason,Denayer,be,Olympique Lyon,Dc,,,https://www.transfermarkt.com/jason-denayer/profil/spieler/277114,TRUE
,Hans,Vanaken,be,Brugge,C,T,,https://www.transfermarkt.com/hans-vanaken/profil/spieler/137576,TRUE
,Yannick,Carrasco,be,Atletico Madrid,W,A,,https://www.transfermarkt.com/yannick-carrasco/profil/spieler/140776,TRUE
,Nacer,Chadli,be,Basaksehir,W,A,,https://www.transfermarkt.com/nacer-chadli/profil/spieler/59631,TRUE
,Eden,Hazard,be,Real Madrid,A,,,https://www.transfermarkt.com/eden-hazard/profil/spieler/50202,TRUE
,Jeremy,Doku,be,Stade Rennais,W,,,https://www.transfermarkt.com/jeremy-doku/profil/spieler/486049,TRUE
721,Kasper,Schmeichel,dk,Leicester,Por,,,https://www.transfermarkt.com/kasper-schmeichel/profil/spieler/16911,TRUE
1455,Joachim,Andersen,dk,Fulham,Dc,,,https://www.transfermarkt.com/joachim-andersen/profil/spieler/260827,TRUE
899,Jannik,Vestergaard,dk,Southampton,Dc,,,https://www.transfermarkt.com/jannik-vestergaard/profil/spieler/99331,TRUE
655,Andreas,Christensen,dk,Chelsea,Dc,,,https://www.transfermarkt.com/andreas-christensen/profil/spieler/196948,TRUE
908,Pierre-Emile,Hojbjerg,dk,Tottenham,C,,,https://www.transfermarkt.com/pierre-emile-hojbjerg/profil/spieler/167799,TRUE
1060,Jonas,Lossl,dk,Midtjylland,Por,,,https://www.transfermarkt.com/jonas-lossl/profil/spieler/48870,TRUE
1508,Joakim,Maehle,dk,Atalanta,Dd,E,,https://www.transfermarkt.com/joakim-maehle/profil/spieler/369674,TRUE
311,Andreas,Skov Olsen,dk,Bologna,W,A,,https://www.transfermarkt.com/andreas-skov-olsen/profil/spieler/432982,TRUE
281,Christian,Eriksen,dk,Inter,T,,,https://www.transfermarkt.com/christian-eriksen/profil/spieler/69633,TRUE
134,Simon,Kjaer,dk,Milan,Dc,,,https://www.transfermarkt.com/simon-kjaer/profil/spieler/48859,TRUE
258,Andreas,Cornelius,dk,Parma,Pc,,,https://www.transfermarkt.com/andreas-cornelius/profil/spieler/203412,TRUE
1279,Mikkel,Damsgaard,dk,Sampdoria,W,T,A,https://www.transfermarkt.com/mikkel-damsgaard/profil/spieler/540941,TRUE
158,Jens Stryger,Larsen,dk,Udinese,Dc,Dd,E,https://www.transfermarkt.com/jens-stryger-larsen/profil/spieler/69646,TRUE
1647,Thomas,Delaney,dk,Borussia Dortmund,M,C,,https://www.transfermarkt.com/thomas-delaney/profil/spieler/91849,TRUE
1809,Robert,Skov,dk,Hoffenheim,W,,,https://www.transfermarkt.com/robert-skov/profil/spieler/270393,TRUE
1891,Yussuf,Poulsen,dk,RB Leipzig,Pc,,,https://www.transfermarkt.com/yussuf-poulsen/profil/spieler/157635,TRUE
1899,Frederik,Ronnow,dk,Schalke 04,Por,,,https://www.transfermarkt.com/frederik-ronnow/profil/spieler/107775,TRUE
,Daniel,Wass,dk,Valencia,Dd,E,,https://www.transfermarkt.com/daniel-wass/profil/spieler/63463,TRUE
,Nicolai,Boilesen,dk,Copenhagen,Dc,Ds,,https://www.transfermarkt.com/nicolai-boilesen/profil/spieler/69642,TRUE
,Mathias,Zanka,dk,Copenhagen,Dc,,,https://www.transfermarkt.com/zanka/profil/spieler/52059,TRUE
,Mathias,Jensen,dk,Brentford,C,,,https://www.transfermarkt.com/mathias-jensen/profil/spieler/319859,TRUE
,Christian,Norgaard,dk,Brentford,M,C,,https://www.transfermarkt.com/christian-norgaard/profil/spieler/148367,TRUE
,Anders,Christiansen,dk,Malmo,C,T,,https://www.transfermarkt.com/anders-christiansen/profil/spieler/77259,TRUE
,Martin,Braithwaite,dk,Barcelona,Pc,,,https://www.transfermarkt.com/martin-braithwaite/profil/spieler/95732,TRUE
,Jonas,Wind,dk,Copenhagen,Pc,,,https://www.transfermarkt.com/jonas-wind/profil/spieler/391004,TRUE
,Kasper,Dolberg,dk,OGC Nice,Pc,,,https://www.transfermarkt.com/kasper-dolberg/profil/spieler/283196,TRUE
1572,Lukas,Hradecky,fi,Bayer Leverkusen,Por,,,https://www.transfermarkt.com/lukas-hradecky/profil/spieler/48015,TRUE
314,Jesse,Joronen,fi,Brescia,Por,,,https://www.transfermarkt.com/jesse-joronen/profil/spieler/131758,TRUE
866,Teemu,Pukki,fi,Norwich,Pc,,,https://www.transfermarkt.com/teemu-pukki/profil/spieler/46972,TRUE
1975,Joel,Pohjanpalo,fi,Union Berlin,Pc,,,https://www.transfermarkt.com/joel-pohjanpalo/profil/spieler/173491,TRUE
1560,Fredrik,Jensen,fi,Augsburg,T,W,,https://www.transfermarkt.com/fredrik-jensen/profil/spieler/249157,TRUE
,Anssi,Jaakkola,fi,Bristol Rovers,Por,,,https://www.transfermarkt.com/anssi-jaakkola/profil/spieler/18223,TRUE
,Paulus,Arajuuri,fi,Pafos,Dc,,,https://www.transfermarkt.com/paulus-arajuuri/profil/spieler/47772,TRUE
,Jere,Uronen,fi,KRC Genk,Ds,E,,https://www.transfermarkt.com/jere-uronen/profil/spieler/131827,TRUE
,Sauli,Vaisanen,fi,Chievo,Dc,,,https://www.transfermarkt.com/sauli-vaisanen/profil/spieler/261095,TRUE
,Leo,Vaisanen,fi,Elfsborg,Dc,,,https://www.transfermarkt.com/leo-vaisanen/profil/spieler/309439,TRUE
,Robert,Ivanov,fi,Warta Poznan,Dc,,,https://www.transfermarkt.com/robert-ivanov/profil/spieler/373876,TRUE
,Daniel,O'Shaughnessy,fi,HJK Helsinki,Dc,Ds,,https://www.transfermarkt.com/daniel-oshaughnessy/profil/spieler/131967,TRUE
,Nikolai,Alho,fi,MTK Budapest,E,W,,https://www.transfermarkt.com/nikolai-alho/profil/spieler/131745,TRUE
,Joni,Kauko,fi,Esbjerg fB,C,,,https://www.transfermarkt.com/joni-kauko/profil/spieler/73662,TRUE
,Tim,Sparv,fi,AEL,M,,,https://www.transfermarkt.com/tim-sparv/profil/spieler/13258,TRUE
,Glen,Kamara,fi,Rangers,M,C,,https://www.transfermarkt.com/glen-kamara/profil/spieler/242632,TRUE
,Pyry,Soiri,fi,Esbjerg fB,W,,,https://www.transfermarkt.com/pyry-soiri/profil/spieler/224458,TRUE
,Rasmus,Schuller,fi,Djurgarden,M,C,,https://www.transfermarkt.com/rasmus-schuller/profil/spieler/72266,TRUE
,Thomas,Lam,fi,Zwolle,Dc,M,,https://www.transfermarkt.com/thomas-lam/profil/spieler/131821,TRUE
,Onni,Valakari,fi,Pafos,T,,,https://www.transfermarkt.com/onni-valakari/profil/spieler/407663,TRUE
,Marcus,Forss,fi,Brentford,Pc,,,https://www.transfermarkt.com/marcus-forss/profil/spieler/404584,TRUE
,Lassi ,Lappalainen,fi,Montreal,W,,,https://www.transfermarkt.com/lassi-lappalainen/profil/spieler/322993,TRUE
,Robert,Taylor,fi,Brann,T,W,,https://www.transfermarkt.com/robert-taylor/profil/spieler/251836,TRUE
,Robin,Lod,fi,Minnesota,W,A,,https://www.transfermarkt.com/robin-lod/profil/spieler/173573,TRUE
,Joona,Toivio,fi,Hacken,Dc,,,https://www.transfermarkt.com/joona-toivio/profil/spieler/37339,TRUE
,Jukka,Raitala,fi,Minnesota,Dc,Ds,,https://www.transfermarkt.com/jukka-raitala/profil/spieler/47785,TRUE
1327,Aleksey,Miranchuk,ru,Atalanta,T,A,,https://www.transfermarkt.com/aleksey-miranchuk/profil/spieler/255450,TRUE
,Yuri,Dyupin,ru,Rubin,Por,,,https://www.transfermarkt.com/yuri-dyupin/profil/spieler/228660,TRUE
,Matvey,Safonov,ru,Krasnodar,Por,,,https://www.transfermarkt.com/matvey-safonov/profil/spieler/318470,TRUE
,Anton,Shunin,ru,Dinamo Moskva,Por,,,https://www.transfermarkt.com/anton-shunin/profil/spieler/37549,TRUE
,Georgiy,Dzhikiya,ru,Spartak Moskva,Dc,,,https://www.transfermarkt.com/georgiy-dzhikiya/profil/spieler/185024,TRUE
,Igor,Diveev,ru,CSKA Moskva,Dc,,,https://www.transfermarkt.com/igor-diveev/profil/spieler/532732,TRUE
,Yuri,Zhirkov,ru,Zenit,Ds,E,,https://www.transfermarkt.com/yuri-zhirkov/profil/spieler/16760,TRUE
,Vyacheslav,Karavaev,ru,Zenit,Dd,E,,https://www.transfermarkt.com/vyacheslav-karavaev/profil/spieler/170620,TRUE
,Fedor,Kudryashov,ru,Antalyaspor,Dc,Ds,,https://www.transfermarkt.com/fedor-kudryashov/profil/spieler/48634,TRUE
,Andrey,Semenov,ru,Akhmat,Dc,,,https://www.transfermarkt.com/andrey-semenov/profil/spieler/105478,TRUE
,Mario,Fernandes,ru,CSKA Moskva,Dd,E,,https://www.transfermarkt.com/mario-fernandes/profil/spieler/102740,TRUE
,Dmitri,Barinov,ru,Lokomotiv Moskva,M,C,,https://www.transfermarkt.com/dmitri-barinov/profil/spieler/263905,TRUE
,Rifat,Zhemaletdinov,ru,Lokomotiv Moskva,T,W,,https://www.transfermarkt.com/rifat-zhemaletdinov/profil/spieler/267383,TRUE
,Maksim,Mukhin,ru,CSKA Moskva,M,,,https://www.transfermarkt.com/maksim-mukhin/profil/spieler/623274,TRUE
,Aleksandr,Golovin,ru,Monaco,C,T,,https://www.transfermarkt.com/aleksandr-golovin/profil/spieler/263918,TRUE
,Daniil,Fomin,ru,Dinamo Moskva,M,C,,https://www.transfermarkt.com/daniil-fomin/profil/spieler/400713,TRUE
,Roman,Zobnin,ru,Spartak Moskva,E,C,,https://www.transfermarkt.com/roman-zobnin/profil/spieler/166277,TRUE
,Aleksey,Ionov,ru,Krasnodar,W,A,,https://www.transfermarkt.com/aleksey-ionov/profil/spieler/55356,TRUE
,Daler,Kuzyaev,ru,Zenit,C,,,https://www.transfermarkt.com/daler-kuzyaev/profil/spieler/279570,TRUE
,Andrey,Mostovoy,ru,Zenit,W,A,,https://www.transfermarkt.com/andrey-mostovoy/profil/spieler/362570,TRUE
,Magomed,Ozdoev,ru,Zenit,C,,,https://www.transfermarkt.com/magomed-ozdoev/profil/spieler/137206,TRUE
,Denis,Makarov,ru,Rubin,W,,,https://www.transfermarkt.com/denis-makarov/profil/spieler/599203,TRUE
,Denis,Cheryshev,ru,Valencia,W,A,,https://www.transfermarkt.com/denis-cheryshev/profil/spieler/98322,TRUE
,Artem,Dzyuba,ru,Zenit,Pc,,,https://www.transfermarkt.com/artem-dzyuba/profil/spieler/48067,TRUE
,Anton,Zabolotny,ru,CSKA Moskva,Pc,,,https://www.transfermarkt.com/anton-zabolotnyi/profil/spieler/70114,TRUE
,Aleksandr,Sobolev,ru,Spartak Moskva,Pc,,,https://www.transfermarkt.com/aleksandr-sobolev/profil/spieler/464259,TRUE
961,Daniel,Bachmann,at,Watford,Por,,,https://www.transfermarkt.com/daniel-bachmann/profil/spieler/120186,TRUE
2012,Pavao,Pervan,at,Wolfsburg,Por,,,https://www.transfermarkt.com/pavao-pervan/profil/spieler/51977,TRUE
1578,Aleksandar,Dragovic,at,Bayer Leverkusen,Dc,,,https://www.transfermarkt.com/aleksandar-dragovic/profil/spieler/59032,TRUE
1701,Martin,Hinteregger,at,Eintracht,Dc,,,https://www.transfermarkt.com/martin-hinteregger/profil/spieler/85789,TRUE
1728,Philipp,Lienhart,at,Freiburg,Dc,,,https://www.transfermarkt.com/philipp-lienhart/profil/spieler/225657,TRUE
1993,Marco,Friedl,at,Werder Bremen,Dc,Ds,,https://www.transfermarkt.com/marco-friedl/profil/spieler/156990,TRUE
1793,Stefan,Posch,at,Hoffenheim,Dc,Dd,,https://www.transfermarkt.com/stefan-posch/profil/spieler/223974,TRUE
1674,Stefan,Lainer,at,Borussia Mbach,Dd,E,,https://www.transfermarkt.com/stefan-lainer/profil/spieler/85791,TRUE
1610,David,Alaba,at,Bayern Munchen,Dc,Ds,,https://www.transfermarkt.com/david-alaba/profil/spieler/59016,TRUE
1967,Christopher,Trimmel,at,Union Berlin,Dd,E,,https://www.transfermarkt.com/christopher-trimmel/profil/spieler/75921,TRUE
1709,Stefan,Ilsanker,at,Eintracht,M,,,https://www.transfermarkt.com/stefan-ilsanker/profil/spieler/40074,TRUE
1888,Konrad,Laimer,at,RB Leipzig,M,C,,https://www.transfermarkt.com/konrad-laimer/profil/spieler/223967,TRUE
1587,Julian,Baumgartlinger,at,Bayer Leverkusen,M,,,https://www.transfermarkt.com/julian-baumgartlinger/profil/spieler/34787,TRUE
2030,Xaver,Schlager,at,Wolfsburg,C,,,https://www.transfermarkt.com/xaver-schlager/profil/spieler/223979,TRUE
1796,Florian,Grillitsch,at,Hoffenheim,C,T,,https://www.transfermarkt.com/florian-grillitsch/profil/spieler/195736,TRUE
847,Valentino,Lazaro,at,Borussia Mbach,E,W,,https://www.transfermarkt.com/valentino-lazaro/profil/spieler/186368,TRUE
1797,Christoph,Baumgartner,at,Hoffenheim,C,T,,https://www.transfermarkt.com/christoph-baumgartner/profil/spieler/324278,TRUE
1881,Marcel,Sabitzer,at,RB Leipzig,T,W,,https://www.transfermarkt.com/marcel-sabitzer/profil/spieler/106987,TRUE
1915,Alessandro,Schopf,at,Schalke 04,T,W,,https://www.transfermarkt.com/alessandro-schopf/profil/spieler/118397,TRUE
1955,Sasa,Kalajdzic,at,Stuttgart,Pc,,,https://www.transfermarkt.com/sasa-kalajdzic/profil/spieler/369567,TRUE
1866,Karim,Onisiwo,at,Mainz 05,Pc,,,https://www.transfermarkt.com/karim-onisiwo/profil/spieler/119234,TRUE
1568,Michael,Gregoritsch,at,Augsburg,A,,,https://www.transfermarkt.com/michael-gregoritsch/profil/spieler/120205,TRUE
,Alexander,Schlager,at,LASK,Por,,,https://www.transfermarkt.com/alexander-schlager/profil/spieler/186374,TRUE
,Andreas,Ulmer,at,RB Salzburg,Ds,E,,https://www.transfermarkt.com/andreas-ulmer/profil/spieler/31196,TRUE
,Louis,Schaub,at,Luzern,T,W,,https://www.transfermarkt.com/louis-schaub/profil/spieler/147485,TRUE
,Marko,Arnautovic,at,Shanghai Port,Pc,,,https://www.transfermarkt.com/marko-arnautovic/profil/spieler/41384,TRUE
698,Maarten,Stekelenburg,nl,Ajax,Por,,,https://www.transfermarkt.com/maarten-stekelenburg/profil/spieler/4311,TRUE
849,Tim,Krul,nl,Norwich,Por,,,https://www.transfermarkt.com/tim-krul/profil/spieler/33027,TRUE
576,Nathan,Ake,nl,Manchester City,Dc,Ds,,https://www.transfermarkt.com/nathan-ake/profil/spieler/177476,TRUE
679,Patrick,van Aanholt,nl,Crystal Palace,Ds,E,,https://www.transfermarkt.com/patrick-van-aanholt/profil/spieler/52119,TRUE
1027,Joel,Veltman,nl,Brighton,Dc,,,https://www.transfermarkt.ru/joel-veltman/profil/spieler/111195,TRUE
1151,Donny,van de Beek,nl,Manchester United,C,T,,https://www.transfermarkt.com/donny-van-de-beek/profil/spieler/288255,TRUE
755,Georginio,Wijnaldum,nl,Liverpool,C,,,https://www.transfermarkt.com/georginio-wijnaldum/profil/spieler/49499,TRUE
155,Stefan,De Vrij,nl,Inter,Dc,,,https://www.transfermarkt.com/stefan-de-vrij/profil/spieler/111196,TRUE
28,Matthijs,De Ligt,nl,Juventus,Dc,,,https://www.transfermarkt.com/matthijs-de-ligt/profil/spieler/326031,TRUE
190,Marten,De Roon,nl,Atalanta,M,C,,https://www.transfermarkt.com/marten-de-roon/profil/spieler/133179,TRUE
2034,Wout,Weghorst,nl,Wolfsburg,Pc,,,https://www.transfermarkt.com/wout-weghorst/profil/spieler/228645,TRUE
,Marco,Bizot,nl,AZ Alkmaar,Por,,,https://www.transfermarkt.com/marco-bizot/profil/spieler/124884,TRUE
,Daley,Blind,nl,Ajax,Dc,Ds,,https://www.transfermarkt.com/daley-blind/profil/spieler/12282,TRUE
,Denzel,Dumfries,nl,PSV Eindhoven,Dd,E,,https://www.transfermarkt.com/denzel-dumfries/profil/spieler/321528,TRUE
,Jurrien,Timber,nl,Ajax,Dc,Dd,,https://www.transfermarkt.com/jurrien-timber/profil/spieler/420243,TRUE
,Owen,Wijndal,nl,AZ Alkmaar,Ds,E,,https://www.transfermarkt.com/owen-wijndal/profil/spieler/339328,TRUE
,Frenkie,de Jong,nl,Barcelona,C,,,https://www.transfermarkt.com/frenkie-de-jong/profil/spieler/326330,TRUE
,Ryan,Gravenberch,nl,Ajax,C,,,https://www.transfermarkt.com/ryan-gravenberch/profil/spieler/478573,TRUE
,Davy,Klaassen,nl,Ajax,C,T,,https://www.transfermarkt.com/davy-klaassen/profil/spieler/182932,TRUE
,Teun,Koopmeiners,nl,AZ Alkmaar,M,C,,https://www.transfermarkt.com/teun-koopmeiners/profil/spieler/360518,TRUE
,Steven,Berghuis,nl,Feyenoord,A,,,https://www.transfermarkt.com/steven-berghuis/profil/spieler/129554,TRUE
,Luuk,de Jong,nl,Sevilla,Pc,,,https://www.transfermarkt.com/luuk-de-jong/profil/spieler/72522,TRUE
,Memphis,Depay,nl,Olympique Lyon,A,,,https://www.transfermarkt.com/memphis-depay/profil/spieler/167850,TRUE
,Cody,Gakpo,nl,PSV Eindhoven,A,,,https://www.transfermarkt.com/cody-gakpo/profil/spieler/434675,TRUE
,Donyell,Malen,nl,PSV Eindhoven,A,,,https://www.transfermarkt.com/donyell-malen/profil/spieler/326029,TRUE
,Quincy,Promes,nl,Sppartak Moscow,T,W,,https://www.transfermarkt.com/quincy-promes/profil/spieler/182381,TRUE
1098,Ezgjan,Alioski,mk,Leeds,Ds,E,,https://www.transfermarkt.com/ezgjan-alioski/profil/spieler/129604,TRUE
39,Eljif,Elmas,mk,Napoli,C,T,,https://www.transfermarkt.com/eljif-elmas/profil/spieler/400489,TRUE
268,Goran,Pandev,mk,Genoa,A,,,https://www.transfermarkt.com/goran-pandev/profil/spieler/12563,TRUE
1946,Darko,Churlinov,mk,Stuttgart,T,W,,https://www.transfermarkt.com/darko-churlinov/profil/spieler/386786,TRUE
,Stole,Dimitrievski,mk,Rayo Vallecano,Por,,,https://www.transfermarkt.com/stole-dimitrievski/profil/spieler/165467,TRUE
,Damjan,Siskovski,mk,Doxa Katokopias,Por,,,https://www.transfermarkt.com/damjan-siskovski/profil/spieler/193217,TRUE
,Risto,Jankov,mk,Rabotnicki,Por,,,https://www.transfermarkt.com/risto-jankov/profil/spieler/344958,TRUE
,Stefan,Ristovski,mk,Dinamo Zagreb,Dd,E,,https://www.transfermarkt.com/stefan-ristovski/profil/spieler/104466,TRUE
,Darko,Velkovski,mk,HNK Rijeka,Dc,,,https://www.transfermarkt.com/darko-velkovski/profil/spieler/191822,TRUE
,Visar,Musliu,mk,Fehervar,Dc,,,https://www.transfermarkt.com/visar-musliu/profil/spieler/207623,TRUE
,Egzon,Bejtulai,mk,Shkendija,Dc,,,https://www.transfermarkt.com/egzon-bejtulai/profil/spieler/204664,TRUE
,Kire,Ristevski,mk,Ujpest,Dc,,,https://www.transfermarkt.com/kire-ristevski/profil/spieler/80195,TRUE
,Gjoko,Zajkov,mk,RSC Charleroi,Dc,,,https://www.transfermarkt.com/gjoko-zajkov/profil/spieler/205849,TRUE
,Arijan,Ademi,mk,Dinamo Zagreb,M,,,https://www.transfermarkt.com/arijan-ademi/profil/spieler/71542,TRUE
,Boban,Nikolov,mk,Lecce,C,,,https://www.transfermarkt.com/boban-nikolov/profil/spieler/207625,TRUE
,Enis,Bardhi,mk,Levante,C,T,W,https://www.transfermarkt.com/enis-bardhi/profil/spieler/245014,TRUE
,Stefan,Spirovski,mk,AEK,M,C,,https://www.transfermarkt.com/stefan-spirovski/profil/spieler/66266,TRUE
,Tihomir,Kostadinov,mk,Ruzomberok,T,,,https://www.transfermarkt.com/tihomir-kostadinov/profil/spieler/339510,TRUE
,Ferhan,Hasani,mk,Partizani,T,W,,https://www.transfermarkt.com/ferhan-hasani/profil/spieler/151582,TRUE
,Daniel,Avramovski,mk,Kayserispor,T,,,https://www.transfermarkt.com/daniel-avramovski/profil/spieler/193289,TRUE
,Marijan,Radeski,mk,Akademija Pandev,A,,,https://www.transfermarkt.com/marjan-radeski/profil/spieler/223169,TRUE
,Aleksandar,Trajkovski,mk,Mallorca,A,,,https://www.transfermarkt.com/aleksandar-trajkovski/profil/spieler/142920,TRUE
,Ivan,Trickovski,mk,AEK,Pc,,,https://www.transfermarkt.com/ivan-trickovski/profil/spieler/22753,TRUE
,Vlatko,Stojanovski,mk,Chambly,Pc,,,https://www.transfermarkt.com/vlatko-stojanovski/profil/spieler/345041,TRUE
,Milan,Ristovski,mk,Spartak Trnava,Pc,,,https://www.transfermarkt.com/milan-ristovski/profil/spieler/344968,TRUE
,Krste,Velkoski,mk,Sarajevo,A,,,https://www.transfermarkt.com/krste-velkoski/profil/spieler/25007,TRUE
784,Oleksandr,Zinchenko,ua,Manchester City,Ds,E,,https://www.transfermarkt.com/oleksandr-zinchenko/profil/spieler/203853,TRUE
984,Andriy,Yarmolenko,ua,West Ham,A,,,https://www.transfermarkt.com/andrii-yarmolenko/profil/spieler/69015,TRUE
217,Ruslan,Malinovskiy,ua,Atalanta,T,,,https://www.transfermarkt.com/ruslan-malinovskyi/profil/spieler/207877,TRUE
,George,Buschan,ua,Dynamo Kyiv,Por,,,https://www.transfermarkt.com/georgiy-bushchan/profil/spieler/206888,TRUE
,Andriy,Pyatov,ua,Shakhtar Donetsk,Por,,,https://www.transfermarkt.com/andriy-pyatov/profil/spieler/39996,TRUE
,Anatolii,Trubin,ua,Shakhtar Donetsk,Por,,,https://www.transfermarkt.com/anatoliy-trubin/profil/spieler/537844,TRUE
,Eduard,Sobol,ua,Brugge,Ds,E,,https://www.transfermarkt.com/eduard-sobol/profil/spieler/206717,TRUE
,Sergiy,Kryvtsov,ua,Shakhtar Donetsk,Dc,,,https://www.transfermarkt.com/sergiy-kryvtsov/profil/spieler/74089,TRUE
,Illia,Zabarnyi,ua,Dynamo Kyiv,Dc,,,https://www.transfermarkt.com/ilya-zabarnyi/profil/spieler/659089,TRUE
,Vitalii,Mykolenko,ua,Dynamo Kyiv,Dc,Ds,E,https://www.transfermarkt.com/vitaliy-mykolenko/profil/spieler/404842,TRUE
,Oleksandr,Karavaev,ua,Dynamo Kyiv,Dd,E,,https://www.transfermarkt.com/oleksandr-karavaev/profil/spieler/59322,TRUE
,Mykola,Matviyenko,ua,Shakhtar Donetsk,Dc,Ds,,https://www.transfermarkt.com/mykola-matvienko/profil/spieler/289059,TRUE
,Oleksandr,Tymchyk,ua,Dynamo Kyiv,Dd,E,,https://www.transfermarkt.com/oleksandr-tymchyk/profil/spieler/287792,TRUE
,Denys,Popov,ua,Dynamo Kyiv,Dc,,,https://www.transfermarkt.com/denys-popov/profil/spieler/404841,TRUE
,Georgiy,Sudakov,ua,Shakhtar Donetsk,C,T,,https://www.transfermarkt.com/georgiy-sudakov/profil/spieler/623325,TRUE
,Serhiy,Sydorchuk,ua,Dynamo Kyiv,M,C,,https://www.transfermarkt.com/sergiy-sydorchuk/profil/spieler/124182,TRUE
,Taras,Stepanenko,ua,Shakhtar Donetsk,M,,,https://www.transfermarkt.com/taras-stepanenko/profil/spieler/59970,TRUE
,Mykola,Shaparenko,ua,Dynamo Kyiv,C,T,,https://www.transfermarkt.com/mykola-shaparenko/profil/spieler/368611,TRUE
,,Marlos,ua,Shakhtar Donetsk,W,,,https://www.transfermarkt.com/marlos/profil/spieler/68778,TRUE
,Yevhen,Makarenko,ua,Kortrijk,M,,,https://www.transfermarkt.com/yevgen-makarenko/profil/spieler/96455,TRUE
,Viktor,Tsygankov,ua,Dynamo Kyiv,W,,,https://www.transfermarkt.com/viktor-tsygankov/profil/spieler/264372,TRUE
,Roman,Bezus,ua,Gent,T,A,,https://www.transfermarkt.com/roman-bezus/profil/spieler/97567,TRUE
,Oleksandr,Zubkov,ua,Ferencvaros,W,,,https://www.transfermarkt.com/oleksandr-zubkov/profil/spieler/289075,TRUE
,Roman,Yaremchuk,ua,Gent,Pc,,,https://www.transfermarkt.com/roman-yaremchuk/profil/spieler/221958,TRUE
,Artem,Biesiedin,ua,Dynamo Kyiv,Pc,,,https://www.transfermarkt.com/artem-besedin/profil/spieler/305415,TRUE
,Artem,Dovbyk,ua,Dnipro-1,Pc,,,https://www.transfermarkt.com/artem-dovbyk/profil/spieler/343537,TRUE
1022,Lovre,Kalinic,hr,Aston Villa,Por,,,https://www.transfermarkt.com/lovre-kalinic/profil/spieler/46405,TRUE
669,Mateo,Kovacic,hr,Chelsea,C,,,https://www.transfermarkt.com/mateo-kovacic/profil/spieler/51471,TRUE
40,Mario,Pasalic,hr,Atalanta,C,T,,https://www.transfermarkt.com/mario-pasalic/profil/spieler/205938,TRUE
164,Milan,Badelj,hr,Genoa,M,C,,https://www.transfermarkt.com/milan-badelj/profil/spieler/40633,TRUE
90,Marcelo,Brozovic,hr,Inter,C,,,https://www.transfermarkt.com/marcelo-brozovic/profil/spieler/156617,TRUE
1364,Ivan,Perisic,hr,Inter,W,A,,https://www.transfermarkt.com/ivan-perisic/profil/spieler/42460,TRUE
172,Ante,Rebic,hr,Milan,A,,,https://www.transfermarkt.com/ante-rebic/profil/spieler/187587,TRUE
1808,Andrej,Kramaric,hr,Hoffenheim,Pc,,,https://www.transfermarkt.com/andrej-kramaric/profil/spieler/46580,TRUE
2024,Josip,Brekalo,hr,Wolfsburg,W,,,https://www.transfermarkt.com/josip-brekalo/profil/spieler/293169,TRUE
749,Dejan,Lovren,hr,Zenit,Dc,,,https://www.transfermarkt.com/dejan-lovren/profil/spieler/37838,TRUE
,Dominik,Livakovic,hr,Dinamo Zagreb,Por,,,https://www.transfermarkt.com/dominik-livakovic/profil/spieler/205927,TRUE
,Simon,Sluga,hr,Luton,Por,,,https://www.transfermarkt.com/simon-sluga/profil/spieler/188201,TRUE
,Borna,Barisic,hr,Rangers,Ds,E,,https://www.transfermarkt.com/borna-barisic/profil/spieler/39125,TRUE
,Domagoj,Bradaric,hr,LOSC Lille,Ds,E,,https://www.transfermarkt.com/domagoj-bradaric/profil/spieler/357796,TRUE
,Domagoj,Vida,hr,Besiktas,Dc,,,https://www.transfermarkt.com/domagoj-vida/profil/spieler/46083,TRUE
,Josko,Gvardiol,hr,Dinamo Zagreb,Dc,Ds,,https://www.transfermarkt.com/josko-gvardiol/profil/spieler/475959,TRUE
,Duje,Caleta-Car,hr,Marseille,Dc,,,https://www.transfermarkt.com/duje-caleta-car/profil/spieler/238266,TRUE
,Mile,Skoric,hr,NK Osijek,Dc,,,https://www.transfermarkt.com/mile-skoric/profil/spieler/71594,TRUE
,Sime,Vrsaljko,hr,Atletico Madrid,Dd,E,,https://www.transfermarkt.com/sime-vrsaljko/profil/spieler/76061,TRUE
,Josip,Juranovic,hr,Legia Warszawa,E,,,https://www.transfermarkt.com/josip-juranovic/profil/spieler/362977,TRUE
,Luka,Modric,hr,Real Madrid,C,,,https://www.transfermarkt.com/luka-modric/profil/spieler/27992,TRUE
,Luka,Ivanusec,hr,Dinamo Zagreb,T,,,https://www.transfermarkt.com/luka-ivanusec/profil/spieler/387105,TRUE
,Mislav,Orsic,hr,Dinamo Zagreb,A,,,https://www.transfermarkt.com/mislav-orsic/profil/spieler/119150,TRUE
,Nikola,Vlasic,hr,CSKA Moscow,T,W,,https://www.transfermarkt.com/nikola-vlasic/profil/spieler/293200,TRUE
,Bruno,Petkovic,hr,Dinamo Zagreb,Pc,,,https://www.transfermarkt.com/bruno-petkovic/profil/spieler/256358,TRUE
,Ante,Budimir,hr,Osasuna,Pc,,,https://www.transfermarkt.com/ante-budimir/profil/spieler/46413,TRUE
991,Tomas,Soucek,cz,West Ham,M,,,https://www.transfermarkt.com/tomas-soucek/profil/spieler/283628,TRUE
1436,Vladimir,Coufal,cz,West Ham,Dd,E,,https://www.transfermarkt.com/vladimir-coufal/profil/spieler/157672,TRUE
645,Matej,Vydra,cz,Burnley,Pc,,,https://www.transfermarkt.com/matej-vydra/profil/spieler/101500,TRUE
1984,Jiri,Pavlenka,cz,Werder Bremen,Por,,,https://www.transfermarkt.com/jiri-pavlenka/profil/spieler/260053,TRUE
1766,Vladimir,Darida,cz,Hertha,C,,,https://www.transfermarkt.com/vladimir-darida/profil/spieler/179643,TRUE
1277,Patrick,Schick,cz,Bayer Leverkusen,Pc,,,https://www.transfermarkt.com/patrik-schick/profil/spieler/242086,TRUE
1784,Pavel,Kaderabek,cz,Hoffenheim,Dd,Ds,E,https://www.transfermarkt.com/pavel-kaderabek/profil/spieler/143798,TRUE
448,Jakub,Jankto,cz,Sampdoria,C,W,,https://www.transfermarkt.com/jakub-jankto/profil/spieler/319160,TRUE
398,Antonin,Barak,cz,Verona,C,T,,https://www.transfermarkt.com/antonin-barak/profil/spieler/272261,TRUE
280,Ales,Mateju,cz,Brescia,Dd,Ds,E,https://www.transfermarkt.com/ales-mateju/profil/spieler/242078,TRUE
,Tomas,Vaclik,cz,Sevilla,Por,,,https://www.transfermarkt.com/tomas-vaclik/profil/spieler/64000,TRUE
,Ales,Mandous,cz,Olomouc,Por,,,https://www.transfermarkt.com/ales-mandous/profil/spieler/240536,TRUE
,Ondrej,Celustka,cz,Sparta Praha,Dc,,,https://www.transfermarkt.com/ondrej-celustka/profil/spieler/70131,TRUE
,Tomas,Kalas,cz,Bristol City,Dc,,,https://www.transfermarkt.com/tomas-kalas/profil/spieler/148657,TRUE
,David,Zima,cz,Slavia Praha,Dc,,,https://www.transfermarkt.com/david-zima/profil/spieler/544149,TRUE
,Jan,Boril,cz,Slavia Praha,Ds,E,,https://www.transfermarkt.com/jan-boril/profil/spieler/129655,TRUE
,Jakub,Brabec,cz,Viktoria Plzen,Dc,,,https://www.transfermarkt.com/jakub-brabec/profil/spieler/112948,TRUE
,Lukas,Masopust,cz,Slavia Praha,E,,,https://www.transfermarkt.com/lukas-masopust/profil/spieler/234153,TRUE
,Alex,Kral,cz,Spartak Moskva,M,,,https://www.transfermarkt.com/alex-kral/profil/spieler/337333,TRUE
,Tomas,Holes,cz,Slavia Praha,M,,,https://www.transfermarkt.com/tomas-holes/profil/spieler/216278,TRUE
,Michal,Sadilek,cz,PSV Eindhoven,C,,,https://www.transfermarkt.com/michal-sadilek/profil/spieler/321204,TRUE
,Petr,Sevcik,cz,Slavia Praha,C,T,,https://www.transfermarkt.com/petr-sevcik/profil/spieler/147555,TRUE
,Jakub,Pesek,cz,Liberec,W,A,,https://www.transfermarkt.com/jakub-pesek/profil/spieler/346840,TRUE
,Adam,Hlozek,cz,Sparta Praha,Pc,,,https://www.transfermarkt.com/adam-hlozek/profil/spieler/552057,TRUE
,Michael,Krmencik,cz,PAOK,Pc,,,https://www.transfermarkt.com/michael-krmencik/profil/spieler/178469,TRUE
,Tomas,Pekhart,cz,Legia,Pc,,,https://www.transfermarkt.com/tomas-pekhart/profil/spieler/38746,TRUE
1174,Sam,Johnstone,gb-eng,West Bromwich,Por,,,https://www.transfermarkt.com/sam-johnstone/profil/spieler/110864,TRUE
887,Dean,Henderson,gb-eng,Manchester United,Por,,,https://www.transfermarkt.com/dean-henderson/profil/spieler/258919,TRUE
816,Harry,Maguire,gb-eng,Manchester United,Dc,,,https://www.transfermarkt.com/harry-maguire/profil/spieler/177907,TRUE
801,Luke,Shaw,gb-eng,Manchester United,Ds,E,,https://www.transfermarkt.com/luke-shaw/profil/spieler/183288,TRUE
809,Marcus,Rashford,gb-eng,Manchester United,A,,,https://www.transfermarkt.com/marcus-rashford/profil/spieler/258923,TRUE
697,Jordan,Pickford,gb-eng,Everton,Por,,,https://www.transfermarkt.com/jordan-pickford/profil/spieler/130164,TRUE
709,Dominic,Calvert-Lewin,gb-eng,Everton,Pc,,,https://www.transfermarkt.com/dominic-calvert-lewin/profil/spieler/306024,TRUE
753,Trent,Alexander-Arnold,gb-eng,Liverpool,Dd,E,,https://www.transfermarkt.com/trent-alexander-arnold/profil/spieler/314353,TRUE
758,Jordan,Henderson,gb-eng,Liverpool,M,C,,https://www.transfermarkt.com/jordan-henderson/profil/spieler/61651,TRUE
666,Reece,James,gb-eng,Chelsea,Dd,E,,https://www.transfermarkt.com/reece-james/profil/spieler/472423,TRUE
724,Ben,Chilwell,gb-eng,Chelsea,Ds,E,,https://www.transfermarkt.com/ben-chilwell/profil/spieler/316125,TRUE
673,Mason,Mount,gb-eng,Chelsea,T,,,https://www.transfermarkt.com/mason-mount/profil/spieler/346483,TRUE
933,Harry,Kane,gb-eng,Tottenham,Pc,,,https://www.transfermarkt.com/harry-kane/profil/spieler/132098,TRUE
983,Declan,Rice,gb-eng,West Ham,M,,,https://www.transfermarkt.com/declan-rice/profil/spieler/357662,TRUE
997,Conor,Coady,gb-eng,Wolverhampton,Dc,,,https://www.transfermarkt.com/conor-coady/profil/spieler/128901,TRUE
542,Bukayo,Saka,gb-eng,Arsenal,E,W,,https://www.transfermarkt.com/bukayo-saka/profil/spieler/433177,TRUE
561,Tyrone,Mings,gb-eng,Aston Villa,Dc,Ds,,https://www.transfermarkt.com/tyrone-mings/profil/spieler/253677,TRUE
552,Jack,Grealish,gb-eng,Aston Villa,T,,,https://www.transfermarkt.com/jack-grealish/profil/spieler/203460,TRUE
773,Kyle,Walker,gb-eng,Manchester City,Dd,E,,https://www.transfermarkt.com/kyle-walker/profil/spieler/95424,TRUE
774,John,Stones,gb-eng,Manchester City,Dc,,,https://www.transfermarkt.com/john-stones/profil/spieler/186590,TRUE
785,Phil,Foden,gb-eng,Manchester City,T,,,https://www.transfermarkt.com/phil-foden/profil/spieler/406635,TRUE
786,Raheem,Sterling,gb-eng,Manchester City,A,,,https://www.transfermarkt.com/raheem-sterling/profil/spieler/134425,TRUE
1101,Kalvin,Phillips,gb-eng,Leeds,M,,,https://www.transfermarkt.com/kalvin-phillips/profil/spieler/351749,TRUE
1653,Jude,Bellingham,gb-eng,Borussia Dortmund,C,W,,https://www.transfermarkt.com/jude-bellingham/profil/spieler/581678,TRUE
1648,Jadon,Sancho,gb-eng,Borussia Dortmund,A,,,https://www.transfermarkt.com/jadon-sancho/profil/spieler/401173,TRUE
,Kieran,Trippier,gb-eng,Atletico Madrid,Dd,E,,https://www.transfermarkt.com/kieran-trippier/profil/spieler/95810,TRUE
540,Kieran,Tierney,gb-sct,Arsenal,Dc,Ds,E,https://www.transfermarkt.com/kieran-tierney/profil/spieler/300716,TRUE
550,John,McGinn,gb-sct,Aston Villa,M,C,,https://www.transfermarkt.com/john-mcginn/profil/spieler/193116,TRUE
674,Billy,Gilmour,gb-sct,Chelsea,M,C,,https://www.transfermarkt.com/billy-gilmour/profil/spieler/423744,TRUE
1091,Liam,Cooper,gb-sct,Leeds,Dc,,,https://www.transfermarkt.com/liam-cooper/profil/spieler/75067,TRUE
751,Andrew,Robertson,gb-sct,Liverpool,Ds,E,,https://www.transfermarkt.com/andrew-robertson/profil/spieler/234803,TRUE
808,Scott,McTominay,gb-sct,Manchester United,M,C,,https://www.transfermarkt.com/scott-mctominay/profil/spieler/315969,TRUE
589,Ryan,Fraser,gb-sct,Newcastle,W,,,https://www.transfermarkt.com/ryan-fraser/profil/spieler/146795,TRUE
879,John,Fleck,gb-sct,Sheffield United,C,T,,https://www.transfermarkt.com/john-fleck/profil/spieler/54383,TRUE
906,Stuart,Armstrong,gb-sct,Southampton,C,T,,https://www.transfermarkt.com/stuart-armstrong/profil/spieler/130765,TRUE
913,Che,Adams,gb-sct,Southampton,Pc,,,https://www.transfermarkt.com/che-adams/profil/spieler/346779,TRUE
854,Grant,Hanley,gb-sct,Norwich,Dc,,,https://www.transfermarkt.com/grant-hanley/profil/spieler/121385,TRUE
,Craig,Gordon,gb-sct,Heart of Midlothian,Por,,,https://www.transfermarkt.com/craig-gordon/profil/spieler/12589,TRUE
,David,Marshall,gb-sct,Derby,Por,,,https://www.transfermarkt.com/david-marshall/profil/spieler/9500,TRUE
,Jon,McLaughlin,gb-sct,Rangers,Por,,,https://www.transfermarkt.com/jon-mclaughlin/profil/spieler/92983,TRUE
,Jack,Hendry,gb-sct,Celtic,Dc,,,https://www.transfermarkt.com/jack-hendry/profil/spieler/363223,TRUE
,Scott,McKenna,gb-sct,Nottingham Forest,Dc,,,https://www.transfermarkt.com/scott-mckenna/profil/spieler/255906,TRUE
,Declan,Gallagher,gb-sct,Motherwell,Dc,,,https://www.transfermarkt.com/declan-gallagher/profil/spieler/107544,TRUE
,Stephen,O'Donnell,gb-sct,Motherwell,Dd,E,,https://www.transfermarkt.com/stephen-odonnell/profil/spieler/186337,TRUE
,Nathan,Patterson,gb-sct,Rangers,Dd,E,,https://www.transfermarkt.com/nathan-patterson/profil/spieler/424015,TRUE
,David,Turnbull,gb-sct,Celtic,C,T,,https://www.transfermarkt.com/david-turnbull/profil/spieler/345760,TRUE
,Callum,McGregor,gb-sct,Celtic,C,E,,https://www.transfermarkt.com/callum-mcgregor/profil/spieler/120977,TRUE
,Greg,Taylor,gb-sct,Celtic,Ds,E,,https://www.transfermarkt.com/greg-taylor/profil/spieler/362562,TRUE
,Ryan,Christie,gb-sct,Celtic,T,W,,https://www.transfermarkt.com/ryan-christie/profil/spieler/188077,TRUE
,James,Forrest,gb-sct,Celtic,W,,,https://www.transfermarkt.com/james-forrest/profil/spieler/84992,TRUE
,Kevin,Nisbet,gb-sct,Hibernian,Pc,,,https://www.transfermarkt.com/kevin-nisbet/profil/spieler/360661,TRUE
,Lyndon,Dykes,gb-sct,Queens Park Rangers,Pc,,,https://www.transfermarkt.com/lyndon-dykes/profil/spieler/347138,TRUE
968,Lukasz,Fabianski,pl,West Ham,Por,,,https://www.transfermarkt.com/lukasz-fabianski/profil/spieler/29692,TRUE
902,Jan,Bednarek,pl,Southampton,Dc,,,https://www.transfermarkt.com/jan-bednarek/profil/spieler/243028,TRUE
1102,Mateusz,Klich,pl,Leeds,C,,,https://www.transfermarkt.com/mateusz-klich/profil/spieler/92738,TRUE
1214,Kamil,Glik,pl,Benevento,Dc,,,https://www.transfermarkt.com/kamil-glik/profil/spieler/46552,TRUE
176,Lukasz,Skorupski,pl,Bologna,Por,,,https://www.transfermarkt.com/lukasz-skorupski/profil/spieler/80894,TRUE
226,Wojciech,Szczesny,pl,Juventus,Por,,,https://www.transfermarkt.com/wojciech-szczesny/profil/spieler/44058,TRUE
242,Piotr,Zielinski,pl,Napoli,C,T,,https://www.transfermarkt.com/piotr-zielinski/profil/spieler/181136,TRUE
445,Bartosz,Bereszynski,pl,Sampdoria,Dd,E,,https://www.transfermarkt.com/bartosz-bereszynski/profil/spieler/144143,TRUE
447,Karol,Linetty,pl,Torino,C,,,https://www.transfermarkt.com/karol-linetty/profil/spieler/225873,TRUE
506,Pawel,Dawidowicz,pl,Verona,Dc,,,https://www.transfermarkt.com/pawel-dawidowicz/profil/spieler/248732,TRUE
1626,Robert,Lewandowski,pl,Bayern Munchen,Pc,,,https://www.transfermarkt.com/robert-lewandowski/profil/spieler/38253,TRUE
49,Arkadiusz,Milik,pl,Marseille,Pc,,,https://www.transfermarkt.com/arkadiusz-milik/profil/spieler/191891,TRUE
,Michal,Helik,pl,Barnsley,Dc,,,https://www.transfermarkt.com/michal-helik/profil/spieler/255383,TRUE
,Kamil,Piatkowski,pl,RB Salzburg,Dc,Dd,,https://www.transfermarkt.com/kamil-piatkowski/profil/spieler/345449,TRUE
,Maciej,Rybus,pl,Lokomotiv Moscow,Ds,E,,https://www.transfermarkt.com/maciej-rybus/profil/spieler/59597,TRUE
,Tymoteusz,Puchacz,pl,Lech Poznan,E,,,https://www.transfermarkt.com/tymoteusz-puchacz/profil/spieler/361575,TRUE
,Jakub,Moder,pl,Brighton,C,,,https://www.transfermarkt.com/jakub-moder/profil/spieler/384461,TRUE
,Przemyslaw,Frankowski,pl,Chicago Fire,W,,,https://www.transfermarkt.com/przemyslaw-frankowski/profil/spieler/239743,TRUE
,Grzegorz,Krychowiak,pl,Lokomotiv Moscow,M,C,,https://www.transfermarkt.com/grzegorz-krychowiak/profil/spieler/45184,TRUE
,Kacper,Kozlowski,pl,Pogon Szczecin,C,T,,https://www.transfermarkt.com/kacper-kozlowski/profil/spieler/554284,TRUE
,Kamil,Jozwiak,pl,Derby,W,,,https://www.transfermarkt.com/kamil-jozwiak/profil/spieler/289167,TRUE
,Dawid,Kownacki,pl,Fortuna,Pc,,,https://www.transfermarkt.com/dawid-kownacki/profil/spieler/208167,TRUE
,Przemyslaw,Placheta,pl,Norwich,W,,,https://www.transfermarkt.com/przemyslaw-placheta/profil/spieler/383109,TRUE
,Tomasz,Kedziora,pl,Dynamo Kyiv,Dd,E,,https://www.transfermarkt.com/tomasz-kedziora/profil/spieler/181118,TRUE
,Karol,Swiderski,pl,PAOK,Pc,,,https://www.transfermarkt.com/karol-swiderski/profil/spieler/330126,TRUE
,Jakub,Swierczok,pl,Piast Gliwice,Pc,,,https://www.transfermarkt.com/jakub-swierczok/profil/spieler/193554,TRUE
822,Martin,Dubravka,sk,Newcastle,Por,,,https://www.transfermarkt.com/martin-dubravka/profil/spieler/74960,TRUE
1063,Marek,Rodak,sk,Fulham,Por,,,https://www.transfermarkt.com/marek-rodak/profil/spieler/186901,TRUE
128,Milan,Skriniar,sk,Inter,Dc,,,https://www.transfermarkt.com/milan-skriniar/profil/spieler/204069,TRUE
260,Stanislav,Lobotka,sk,Napoli,M,C,,https://www.transfermarkt.com/stanislav-lobotka/profil/spieler/192735,TRUE
213,Juraj,Kucka,sk,Parma,C,,,https://www.transfermarkt.com/juraj-kucka/profil/spieler/74943,TRUE
464,Lukas,Haraslin,sk,Sassuolo,W,A,,https://www.transfermarkt.com/lukas-haraslin/profil/spieler/239941,TRUE
374,Denis,Vavro,sk,Lazio / Huesca,Dc,,,https://www.transfermarkt.com/denis-vavro/profil/spieler/239962,TRUE
1686,Laszlo,Benes,sk,Augsburg,C,,,https://www.transfermarkt.com/laszlo-benes/profil/spieler/243188,TRUE
1755,Peter,Pekarik,sk,Hertha,Dd,Ds,E,https://www.transfermarkt.com/peter-pekarik/profil/spieler/51100,TRUE
869,Ondrej,Duda,sk,Koln,T,,,https://www.transfermarkt.com/ondrej-duda/profil/spieler/232418,TRUE
,Dusan,Kuciak,sk,Lechia Gdansk,Por,,,https://www.transfermarkt.com/dusan-kuciak/profil/spieler/31886,TRUE
,Lubomir,Satka,sk,Lech Poznan,Dc,,,https://www.transfermarkt.com/lubomir-satka/profil/spieler/168408,TRUE
,Tomas,Hubocan,sk,Omonia,Dc,Dd,,https://www.transfermarkt.com/tomas-hubocan/profil/spieler/63252,TRUE
,David,Hancko,sk,Sparta Praha,Dc,Ds,,https://www.transfermarkt.com/david-hancko/profil/spieler/404418,TRUE
,Martin,Koscelnik,sk,Liberec,Dd,E,,https://www.transfermarkt.com/martin-koscelnik/profil/spieler/382204,TRUE
,Martin,Valjent,sk,Mallorca,Dc,,,https://www.transfermarkt.com/martin-valjent/profil/spieler/277384,TRUE
,Marek,Hamsik,sk,IFK Goteborg,C,,,https://www.transfermarkt.com/marek-hamsik/profil/spieler/38593,TRUE
,Patrik,Hrosovsky,sk,Genk,M,C,,https://www.transfermarkt.com/patrik-hrosovsky/profil/spieler/217879,TRUE
,Robert,Mak,sk,Ferencvaros,W,A,,https://www.transfermarkt.com/robert-mak/profil/spieler/92180,TRUE
,Vladimir,Weiss,sk,Slovan Bratislava,T,W,,https://www.transfermarkt.com/vladimir-weiss/profil/spieler/92701,TRUE
,Jakub,Hromada,sk,Slavia Praha,M,,,https://www.transfermarkt.com/jakub-hromada/profil/spieler/186380,TRUE
,Tomas,Suslov,sk,Groningen,T,,,https://www.transfermarkt.com/tomas-suslov/profil/spieler/540333,TRUE
,Jan,Gregus,sk,Minnesota,C,,,https://www.transfermarkt.com/jan-gregus/profil/spieler/112317,TRUE
,Michal,Duris,sk,Omonia,Pc,,,https://www.transfermarkt.com/michal-duris/profil/spieler/74872,TRUE
,Robert,Bozenik,sk,Feyenoord,Pc,,,https://www.transfermarkt.com/robert-bozenik/profil/spieler/454576,TRUE
,Ivan,Schranz,sk,Jablonec,Pc,,,https://www.transfermarkt.com/ivan-schranz/profil/spieler/108416,TRUE
794,David,de Gea,es,Manchester United,Por,,,https://www.transfermarkt.com/david-de-gea/profil/spieler/59377,TRUE
1030,Robert,Sanchez,es,Brighton,Por,,,https://www.transfermarkt.ru/robert-sanchez/profil/spieler/403151,TRUE
775,Aymeric,Laporte,es,Manchester City,Dc,,,https://www.transfermarkt.com/aymeric-laporte/profil/spieler/176553,TRUE
793,Eric,Garcia,es,Manchester City,Dc,Dd,,https://www.transfermarkt.com/eric-garcia/profil/spieler/466794,TRUE
790,,Rodrigo,es,Manchester City,M,C,,https://www.transfermarkt.com/rodri/profil/spieler/357565,TRUE
1145,Ferran,Torres,es,Manchester City,W,A,,https://www.transfermarkt.com/ferran-torres/profil/spieler/398184,TRUE
656,Cesar,Azpilicueta,es,Chelsea,Dc,Dd,Ds,https://www.transfermarkt.com/cesar-azpilicueta/profil/spieler/57500,TRUE
1431,Diego,Llorente,es,Leeds,Dc,,,https://www.transfermarkt.com/diego-llorente/profil/spieler/246291,TRUE
1390,Thiago,Alcantara,es,Liverpool,C,,,https://www.transfermarkt.com/thiago/profil/spieler/60444,TRUE
1006,Adama,Traore,es,Wolverhampton,W,A,,https://www.transfermarkt.com/adama-traore/profil/spieler/204103,TRUE
41,Fabian,Ruiz,es,Napoli,C,T,,https://www.transfermarkt.com/fabian-ruiz/profil/spieler/350219,TRUE
1419,Alvaro,Morata,es,Juventus,Pc,,,https://www.transfermarkt.com/alvaro-morata/profil/spieler/128223,TRUE
1887,Dani,Olmo,es,RB Leipzig,T,A,,https://www.transfermarkt.com/dani-olmo/profil/spieler/293385,TRUE
,Unai,Simon,es,Athletic Bilbao,Por,,,https://www.transfermarkt.com/unai-simon/profil/spieler/262396,TRUE
,Pau,Torres,es,Villarreal,Dc,,,https://www.transfermarkt.com/pau-torres/profil/spieler/399776,TRUE
,Marcos,Llorente,es,Atletico Madrid,E,C,,https://www.transfermarkt.com/marcos-llorente/profil/spieler/282411,TRUE
,Jordi,Alba,es,Barcelona,Ds,E,,https://www.transfermarkt.com/jordi-alba/profil/spieler/69751,TRUE
,Jose,Gaya,es,Valencia,Ds,E,,https://www.transfermarkt.com/jose-gaya/profil/spieler/221322,TRUE
,,Pedri,es,Barcelona,A,,,https://www.transfermarkt.com/pedri/profil/spieler/683840,TRUE
,Sergio,Busquets,es,Barcelona,M,,,https://www.transfermarkt.com/sergio-busquets/profil/spieler/65230,TRUE
,,Koke,es,Atletico Madrid,C,W,,https://www.transfermarkt.com/koke/profil/spieler/74229,TRUE
,Pablo,Sarabia,es,Paris SG,W,T,A,https://www.transfermarkt.com/pablo-sarabia/profil/spieler/74230,TRUE
,Mikel,Oyarzabal,es,Real Sociedad,A,,,https://www.transfermarkt.com/mikel-oyarzabal/profil/spieler/351478,TRUE
,Gerard,Moreno,es,Villarreal,Pc,,,https://www.transfermarkt.com/gerard-moreno/profil/spieler/177467,TRUE
327,Robin,Olsen,se,Everton,Por,,,https://www.transfermarkt.com/robin-olsen/profil/spieler/75458,TRUE
797,Victor,Lindelof,se,Manchester United,Dc,,,https://www.transfermarkt.com/victor-lindelof/profil/spieler/184573,TRUE
842,Emil,Krafth,se,Newcastle,Dd,E,,https://www.transfermarkt.com/emil-krafth/profil/spieler/184528,TRUE
291,Ken,Sema,se,Watford,E,,,https://www.transfermarkt.com/ken-sema/profil/spieler/252345,TRUE
308,Mattias,Svanberg,se,Bologna,C,T,,https://www.transfermarkt.com/mattias-svanberg/profil/spieler/342405,TRUE
116,Dejan,Kulusevski,se,Juventus,T,A,,https://www.transfermarkt.com/dejan-kulusevski/profil/spieler/431755,TRUE
139,Albin,Ekdal,se,Sampdoria,M,C,,https://www.transfermarkt.com/albin-ekdal/profil/spieler/49275,TRUE
1863,Robin,Quaison,se,Mainz 05,A,,,https://www.transfermarkt.com/robin-quaison/profil/spieler/206542,TRUE
1892,Emil,Forsberg,se,RB Leipzig,T,W,,https://www.transfermarkt.com/emil-forsberg/profil/spieler/111078,TRUE
1987,Ludwig,Augustinsson,se,Werder Bremen,Ds,E,,https://www.transfermarkt.com/ludwig-augustinsson/profil/spieler/170646,TRUE
,Karl-Johan,Johnsson,se,Copenhagen,Por,,,https://www.transfermarkt.com/karl-johan-johnsson/profil/spieler/112822,TRUE
,Kristoffer,Nordfeldt,se,Genclerbirligi,Por,,,https://www.transfermarkt.com/kristoffer-nordfeldt/profil/spieler/75890,TRUE
,Marcus,Danielson,se,Dalian,CB,,,https://www.transfermarkt.com/marcus-danielson/profil/spieler/48249,TRUE
,Martin,Olsson,se,Hacken,Ds,E,,https://www.transfermarkt.com/martin-olsson/profil/spieler/38073,TRUE
,Pontus,Jansson,se,Brentford,Dc,,,https://www.transfermarkt.com/pontus-jansson/profil/spieler/125314,TRUE
,Filip,Helander,se,Rangers,Dc,,,https://www.transfermarkt.com/filip-helander/profil/spieler/198067,TRUE
,Mikael,Lustig,se,AIK,Dc,Dd,,https://www.transfermarkt.com/mikael-lustig/profil/spieler/36025,TRUE
,Andreas,Granqvist,se,Helsingborgs IF,Dc,,,https://www.transfermarkt.com/andreas-granqvist/profil/spieler/29213,TRUE
,Viktor,Claesson,se,Krasnodar,W,A,,https://www.transfermarkt.com/viktor-claesson/profil/spieler/116598,TRUE
,Sebastian,Larsson,se,AIK,C,,,https://www.transfermarkt.com/sebastian-larsson/profil/spieler/31720,TRUE
,Kristoffer,Olsson,se,Krasnodar,C,,,https://www.transfermarkt.com/kristoffer-olsson/profil/spieler/193592,TRUE
,Jens,Cajuste,se,Midtjylland,M,C,,https://www.transfermarkt.com/jens-cajuste/profil/spieler/468066,TRUE
,Gustav,Svensson,se,Guangzhou,M,,,https://www.transfermarkt.com/gustav-svensson/profil/spieler/41362,TRUE
,Marcus,Berg,se,Krasnodar,Pc,,,https://www.transfermarkt.com/marcus-berg/profil/spieler/30418,TRUE
,Alexander,Isak,se,Real Sociedad,Pc,,,https://www.transfermarkt.com/alexander-isak/profil/spieler/349066,TRUE
,Jordan,Larsson,se,Spartak Moscow,Pc,,,https://www.transfermarkt.com/jordan-larsson/profil/spieler/308552,TRUE
918,Hugo,Lloris,fr,Tottenham,Por,,,https://www.transfermarkt.com/hugo-lloris/profil/spieler/17965,TRUE
701,Lucas,Digne,fr,Everton,Ds,E,,https://www.transfermarkt.com/lucas-digne/profil/spieler/126664,TRUE
671,Kurt,Zouma,fr,Chelsea,Dc,,,https://www.transfermarkt.com/kurt-zouma/profil/spieler/157509,TRUE
929,Moussa,Sissoko,fr,Tottenham,C,,,https://www.transfermarkt.com/moussa-sissoko/profil/spieler/46001,TRUE
659,N'Golo,Kante,fr,Chelsea,M,C,,https://www.transfermarkt.com/ngolo-kante/profil/spieler/225083,TRUE
802,Paul,Pogba,fr,Manchester United,C,,,https://www.transfermarkt.com/paul-pogba/profil/spieler/122153,TRUE
663,Olivier,Giroud,fr,Chelsea,Pc,,,https://www.transfermarkt.com/olivier-giroud/profil/spieler/82442,TRUE
1608,Lucas,Hernandez,fr,Bayern Munchen,Dc,Ds,,https://www.transfermarkt.com/lucas-hernandez/profil/spieler/281963,TRUE
1604,Benjamin,Pavard,fr,Bayern Munchen,Dc,Dd,,https://www.transfermarkt.com/benjamin-pavard/profil/spieler/353366,TRUE
1619,Corentin,Tolisso,fr,Bayern Munchen,C,,,https://www.transfermarkt.com/corentin-tolisso/profil/spieler/190393,TRUE
1631,Kingsley,Coman,fr,Bayern Munchen,W,A,,https://www.transfermarkt.com/kingsley-coman/profil/spieler/243714,TRUE
1693,Marcus,Thuram,fr,Borussia Mbach,A,,,https://www.transfermarkt.com/marcus-thuram/profil/spieler/318528,TRUE
14,Adrien,Rabiot,fr,Juventus,C,,,https://www.transfermarkt.com/adrien-rabiot/profil/spieler/182913,TRUE
,Mike,Maignan,fr,LOSC Lille,Por,,,https://www.transfermarkt.com/mike-maignan/profil/spieler/182906,TRUE
,Steve,Mandanda,fr,Marseille,Por,,,https://www.transfermarkt.com/steve-mandanda/profil/spieler/23951,TRUE
,Leo,Dubois,fr,Olympique Lyon,Dd,E,,https://www.transfermarkt.com/leo-dubois/profil/spieler/236400,TRUE
,Presnel,Kimpembe,fr,Paris SG,Dc,,,https://www.transfermarkt.com/presnel-kimpembe/profil/spieler/282041,TRUE
,Jules,Kounde,fr,Sevilla,Dc,,,https://www.transfermarkt.com/jules-kounde/profil/spieler/411975,TRUE
,Clement,Lenglet,fr,Barcelona,Dc,,,https://www.transfermarkt.com/clement-lenglet/profil/spieler/182904,TRUE
,Raphael,Varane,fr,Real Madrid,Dc,,,https://www.transfermarkt.com/raphael-varane/profil/spieler/164770,TRUE
,Karim,Benzema,fr,Real Madrid,Pc,,,https://www.transfermarkt.com/karim-benzema/profil/spieler/18922,TRUE
,Ousmane,Dembele,fr,Barcelona,A,,,https://www.transfermarkt.com/ousmane-dembele/profil/spieler/288230,TRUE
,Antoine,Griezmann,fr,Barcelona,Pc,,,https://www.transfermarkt.com/antoine-griezmann/profil/spieler/125781,TRUE
,Thomas,Lemar,fr,Atletico Madrid,W,A,,https://www.transfermarkt.com/thomas-lemar/profil/spieler/205562,TRUE
,Kylian,Mbappe,fr,Paris SG,A,,,https://www.transfermarkt.com/kylian-mbappe/profil/spieler/342229,TRUE
,Wissam,Ben Yedder,fr,Monaco,Pc,,,https://www.transfermarkt.com/wissam-ben-yedder/profil/spieler/146854,TRUE
519,Bernd,Leno,de,Arsenal,Por,,,https://www.transfermarkt.com/bernd-leno/profil/spieler/72476,TRUE
653,Antonio,Rudiger,de,Chelsea,Dc,,,https://www.transfermarkt.com/antonio-rudiger/profil/spieler/86202,TRUE
1096,Robin,Koch,de,Leeds,Dc,,,https://www.transfermarkt.com/robin-koch/profil/spieler/328784,TRUE
778,Ilkay,Gundogan,de,Manchester City,C,,,https://www.transfermarkt.com/ilkay-gundogan/profil/spieler/53622,TRUE
1313,Kai,Havertz,de,Chelsea,T,A,,https://www.transfermarkt.com/kai-havertz/profil/spieler/309400,TRUE
1038,Timo,Werner,de,Chelsea,Pc,,,https://www.transfermarkt.com/timo-werner/profil/spieler/170527,TRUE
35,Robin,Gosens,de,Atalanta,E,,,https://www.transfermarkt.com/robin-gosens/profil/spieler/273132,TRUE
1599,Manuel,Neuer,de,Bayern Munchen,Por,,,https://www.transfermarkt.com/manuel-neuer/profil/spieler/17259,TRUE
1698,Kevin,Trapp,de,Eintracht,Por,,,https://www.transfermarkt.com/kevin-trapp/profil/spieler/45672,TRUE
1643,Mats,Hummels,de,Borussia Dortmund,Dc,,,https://www.transfermarkt.com/mats-hummels/profil/spieler/39728,TRUE
1603,Niklas,Sule,de,Bayern Munchen,Dc,,,https://www.transfermarkt.com/niklas-sule/profil/spieler/166601,TRUE
1677,Matthias,Ginter,de,Borussia Mbach,Dc,,,https://www.transfermarkt.com/matthias-ginter/profil/spieler/124502,TRUE
1879,Marcel,Halstenberg,de,RB Leipzig,Dc,Ds,E,https://www.transfermarkt.com/marcel-halstenberg/profil/spieler/70243,TRUE
1877,Lukas,Klostermann,de,RB Leipzig,Dc,Dd,E,https://www.transfermarkt.com/lukas-klostermann/profil/spieler/215599,TRUE
1732,Christian,Gunter,de,Freiburg,Ds,E,,https://www.transfermarkt.com/christian-gunter/profil/spieler/93707,TRUE
1687,Jonas,Hofmann,de,Borussia Mbach,C,T,,https://www.transfermarkt.com/jonas-hofmann/profil/spieler/7161,TRUE
1690,Florian,Neuhaus,de,Borussia Mbach,C,T,,https://www.transfermarkt.com/florian-neuhaus/profil/spieler/278332,TRUE
1615,Joshua,Kimmich,de,Bayern Munchen,Dd,E,M,https://www.transfermarkt.com/joshua-kimmich/profil/spieler/161056,TRUE
1617,Leon,Goretzka,de,Bayern Munchen,C,,,https://www.transfermarkt.com/leon-goretzka/profil/spieler/153084,TRUE
214,Emre,Can,de,Borussia Dortmund,M,C,,https://www.transfermarkt.com/emre-can/profil/spieler/119296,TRUE
788,Leroy,Sane,de,Bayern Munchen,W,A,,https://www.transfermarkt.com/leroy-sane/profil/spieler/192565,TRUE
1623,Jamal,Musiala,de,Bayern Munchen,T,A,,https://www.transfermarkt.com/jamal-musiala/profil/spieler/580195,TRUE
1630,Thomas,Muller,de,Bayern Munchen,A,,,https://www.transfermarkt.com/thomas-muller/profil/spieler/58358,TRUE
1625,Serge,Gnabry,de,Bayern Munchen,W,A,,https://www.transfermarkt.com/serge-gnabry/profil/spieler/159471,TRUE
,Toni,Kroos,de,Real Madrid,C,,,https://www.transfermarkt.com/toni-kroos/profil/spieler/31909,TRUE
,Kevin,Volland,de,Monaco,A,,,https://www.transfermarkt.com/kevin-volland/profil/spieler/82009,TRUE
1870,Peter,Gulacsi,hu,RB Leipzig,Por,,,https://www.transfermarkt.com/peter-gulacsi/profil/spieler/57071,TRUE
1874,Willi,Orban,hu,RB Leipzig,Dc,,,https://www.transfermarkt.com/willi-orban/profil/spieler/93740,TRUE
1739,Roland,Sallai,hu,Freiburg,T,W,,https://www.transfermarkt.com/roland-sallai/profil/spieler/332798,TRUE
1867,Adam,Szalai,hu,Mainz 05,Pc,,,https://www.transfermarkt.com/adam-szalai/profil/spieler/39106,TRUE
,Denes,Dibusz,hu,Ferencvaros,Por,,,https://www.transfermarkt.com/denes-dibusz/profil/spieler/162695,TRUE
,Adam,Bogdan,hu,Ferencvaros,Por,,,https://www.transfermarkt.com/adam-bogdan/profil/spieler/55247,TRUE
,Gergo,Lovrencsics,hu,Ferencvaros,Dd,E,,https://www.transfermarkt.com/gerg%C5%91-lovrencsics/profil/spieler/110746,TRUE
,Endre,Botka,hu,Ferencvaros,Dc,Dd,,https://www.transfermarkt.com/endre-botka/profil/spieler/148810,TRUE
,Adam,Lang,hu,Omonia Nicosia,Dc,,,https://www.transfermarkt.com/adam-lang/profil/spieler/168088,TRUE
,Akos,Kecskes,hu,Lugano,Dc,,,https://www.transfermarkt.com/akos-kecskes/profil/spieler/204155,TRUE
,Attila,Fiola,hu,Fehervar,Dc,Dd,Ds,https://www.transfermarkt.com/attila-fiola/profil/spieler/108669,TRUE
,Attila,Szalai,hu,Fenerbahce,Dc,,,https://www.transfermarkt.com/attila-szalai/profil/spieler/263380,TRUE
,Bendeguz,Bolla,hu,Fehervar,Dd,E,,https://www.transfermarkt.com/bendeguz-bolla/profil/spieler/439351,TRUE
,Loic,Nego,hu,Fehervar,C,W,,https://www.transfermarkt.com/loic-nego/profil/spieler/122840,TRUE
,Adam,Nagy,hu,Bristol City,M,C,,https://www.transfermarkt.com/adam-nagy/profil/spieler/368559,TRUE
,Laszlo,Kleinheisler,hu,Osijek,T,,,https://www.transfermarkt.com/laszlo-kleinheisler/profil/spieler/220656,TRUE
,David,Siger,hu,Ferencvaros,C,,,https://www.transfermarkt.com/david-siger/profil/spieler/75164,TRUE
,Daniel,Gazdag,hu,Philadelphia Union,T,A,,https://www.transfermarkt.com/daniel-gazdag/profil/spieler/249030,TRUE
,Andras,Schafer,hu,Dunajska Streda,M,C,,https://www.transfermarkt.com/andras-schafer/profil/spieler/454863,TRUE
,Tamas,Cseri,hu,Mezokovesd,T,W,,https://www.transfermarkt.com/tamas-cseri/profil/spieler/141594,TRUE
,Filip,Holender,hu,Partizan,Pc,,,https://www.transfermarkt.com/filip-holender/profil/spieler/257528,TRUE
,Nemanja,Nikolic,hu,Fehervar,Pc,,,https://www.transfermarkt.com/nemanja-nikolics/profil/spieler/102281,TRUE
,Kevin,Varga,hu,Kasmpasa,W,A,,https://www.transfermarkt.com/kevin-varga/profil/spieler/385906,TRUE
,Roland,Varga,hu,MTK Budapest,W,A,,https://www.transfermarkt.com/roland-varga/profil/spieler/113018,TRUE
,Szabolcs,Schon,hu,Dallas,W,,,https://www.transfermarkt.com/szabolcs-schon/profil/spieler/451281,TRUE
,Janos,Hahn,hu,Paks,Pc,,,https://www.transfermarkt.com/janos-hahn/profil/spieler/251116,TRUE
993,Rui,Patricio,pt,Wolverhampton,Por,,,https://www.transfermarkt.com/rui-patricio/profil/spieler/45026,TRUE
1409,Nelson,Semedo,pt,Wolverhampton,Dd,E,,https://www.transfermarkt.com/nelson-semedo/profil/spieler/231572,TRUE
1001,Ruben,Neves,pt,Wolverhampton,M,C,,https://www.transfermarkt.com/ruben-neves/profil/spieler/225161,TRUE
1005,Joao,Moutinho,pt,Wolverhampton,C,T,,https://www.transfermarkt.com/joao-moutinho/profil/spieler/29364,TRUE
1003,Diogo,Jota,pt,Liverpool,A,,,https://www.transfermarkt.com/diogo-jota/profil/spieler/340950,TRUE
791,Joao,Cancelo,pt,Manchester City,Dd,E,,https://www.transfermarkt.com/joao-cancelo/profil/spieler/182712,TRUE
780,Bernardo,Silva,pt,Manchester City,W,T,,https://www.transfermarkt.com/bernardo-silva/profil/spieler/241641,TRUE
1432,Ruben,Dias,pt,Manchester City,Dc,,,https://www.transfermarkt.com/ruben-dias/profil/spieler/258004,TRUE
819,Bruno,Fernandes,pt,Manchester United,T,,,https://www.transfermarkt.com/bruno-fernandes/profil/spieler/240306,TRUE
100,Cristiano,Ronaldo,pt,Juventus,Pc,,,https://www.transfermarkt.com/cristiano-ronaldo/profil/spieler/8198,TRUE
1722,Andre,Silva,pt,Eintracht,Pc,,,https://www.transfermarkt.com/andre-silva/profil/spieler/198008,TRUE
1641,Raphael,Guerreiro,pt,Borussia Dortmund,E,,,https://www.transfermarkt.com/raphael-guerreiro/profil/spieler/170986,TRUE
,Anthony,Lopes,pt,Olympique Lyon,Por,,,https://www.transfermarkt.com/anthony-lopes/profil/spieler/60561,TRUE
,Rui,Silva,pt,Granada,Por,,,https://www.transfermarkt.com/rui-silva/profil/spieler/234811,TRUE
,Jose,Fonte,pt,LOSC Lille,Dc,,,https://www.transfermarkt.com/jose-fonte/profil/spieler/33829,TRUE
,,Pepe,pt,Porto,Dc,,,https://www.transfermarkt.com/pepe/profil/spieler/14132,TRUE
,Nuno,Mendes,pt,Sporting CP,Ds,E,,https://www.transfermarkt.com/nuno-mendes/profil/spieler/616341,TRUE
,Danilo,Pereira,pt,Paris SG,M,,,https://www.transfermarkt.com/danilo-pereira/profil/spieler/141050,TRUE
,Joao,Palhinha,pt,Sporting CP,M,,,https://www.transfermarkt.com/joao-palhinha/profil/spieler/257455,TRUE
,Renato,Sanches,pt,LOSC Lille,C,,,https://www.transfermarkt.com/renato-sanches/profil/spieler/258027,TRUE
,Sergio,Oliveira,pt,Porto,C,,,https://www.transfermarkt.com/sergio-oliveira/profil/spieler/112465,TRUE
,William,Carvalho,pt,Real Betis,M,,,https://www.transfermarkt.com/william-carvalho/profil/spieler/100131,TRUE
,Pedro,Goncalves,pt,Sporting CP,T,A,,https://www.transfermarkt.com/pedro-goncalves/profil/spieler/426620,TRUE
,Goncalo,Guedes,pt,Valencia,W,A,,https://www.transfermarkt.com/goncalo-guedes/profil/spieler/225122,TRUE
,Joao,Felix,pt,Atletico Madrid,A,,,https://www.transfermarkt.com/joao-felix/profil/spieler/462250,TRUE
,Rafa,Silva,pt,Benfica,W,A,,https://www.transfermarkt.com/rafa-silva/profil/spieler/238055,TRUE
,Jasper,Cillessen,nl,Valencia,Por,,,https://www.transfermarkt.com/jasper-cillessen/profil/spieler/146227,